filename,filepath,image
d1d7c7863ee449f197b243a519ad12df.jpg,images/test_data_v2/d1d7c7863ee449f197b243a519ad12df.jpg,<PIL.JpegImagePlugin.JpegImageFile image mode=RGB size=1000x667 at 0x719449BD8CD0>
34c8045286374bb992162f3a0e9e1f45.jpg,images/test_data_v2/34c8045286374bb992162f3a0e9e1f45.jpg,<PIL.JpegImagePlugin.JpegImageFile image mode=RGB size=665x1000 at 0x719428B247F0>
b0c0323f9e2c404b957afd25a86e036e.jpg,images/test_data_v2/b0c0323f9e2c404b957afd25a86e036e.jpg,<PIL.PngImagePlugin.PngImageFile image mode=RGB size=1216x832 at 0x719428B27D90>
d2538cb6a3e54f4db6b96cdfbfc81471.jpg,images/test_data_v2/d2538cb6a3e54f4db6b96cdfbfc81471.jpg,<PIL.PngImagePlugin.PngImageFile image mode=RGB size=1792x1024 at 0x719428B27E50>
252ac9f5829044fdb5d9ef0f8941865d.jpg,images/test_data_v2/252ac9f5829044fdb5d9ef0f8941865d.jpg,<PIL.PngImagePlugin.PngImageFile image mode=RGB size=768x512 at 0x719428B27EB0>
04e86485303f43318cee13a6b949efe2.jpg,images/test_data_v2/04e86485303f43318cee13a6b949efe2.jpg,<PIL.PngImagePlugin.PngImageFile image mode=RGB size=768x576 at 0x719428B27EE0>
0581dd5bdb62436abebb299e4f23dc17.jpg,images/test_data_v2/0581dd5bdb62436abebb299e4f23dc17.jpg,<PIL.PngImagePlugin.PngImageFile image mode=RGB size=512x768 at 0x719428B27F40>
0ab0a4934e15446d91eaaa60ed7ca32d.jpg,images/test_data_v2/0ab0a4934e15446d91eaaa60ed7ca32d.jpg,<PIL.PngImagePlugin.PngImageFile image mode=RGB size=1792x1024 at 0x719428B27FD0>
88aa8ad42e4d42d3a1656ac4223fb889.jpg,images/test_data_v2/88aa8ad42e4d42d3a1656ac4223fb889.jpg,<PIL.JpegImagePlugin.JpegImageFile image mode=RGB size=1000x667 at 0x719428B580A0>
e672492446b840a991427b788b92a30e.jpg,images/test_data_v2/e672492446b840a991427b788b92a30e.jpg,<PIL.PngImagePlugin.PngImageFile image mode=RGB size=768x464 at 0x719428B58070>
8a85da4da0844bc58c64f258aeedecae.jpg,images/test_data_v2/8a85da4da0844bc58c64f258aeedecae.jpg,<PIL.JpegImagePlugin.JpegImageFile image mode=RGB size=1000x667 at 0x719428B58130>
71b496944fdb4d7f96b114171dfae60e.jpg,images/test_data_v2/71b496944fdb4d7f96b114171dfae60e.jpg,<PIL.JpegImagePlugin.JpegImageFile image mode=RGB size=667x1000 at 0x719428B581F0>
5f3ed396cb6d4675ab57c3067609449c.jpg,images/test_data_v2/5f3ed396cb6d4675ab57c3067609449c.jpg,<PIL.PngImagePlugin.PngImageFile image mode=RGB size=896x1344 at 0x719428B58310>
fe6cc11f9051426ab6a795a9fce61d5e.jpg,images/test_data_v2/fe6cc11f9051426ab6a795a9fce61d5e.jpg,<PIL.JpegImagePlugin.JpegImageFile image mode=RGB size=1000x377 at 0x719428B586D0>
5330747ce1f7469ea64a56b78e33bb30.jpg,images/test_data_v2/5330747ce1f7469ea64a56b78e33bb30.jpg,<PIL.JpegImagePlugin.JpegImageFile image mode=RGB size=667x1000 at 0x719428B58760>
ebdbff5473a14e63b48bb741c9d57a79.jpg,images/test_data_v2/ebdbff5473a14e63b48bb741c9d57a79.jpg,<PIL.JpegImagePlugin.JpegImageFile image mode=RGB size=1000x667 at 0x719428B58880>
4f31719dbb6c42b7a3adb2474e586d03.jpg,images/test_data_v2/4f31719dbb6c42b7a3adb2474e586d03.jpg,<PIL.PngImagePlugin.PngImageFile image mode=RGB size=1216x832 at 0x719428B58A30>
dcb1de5cef844e1f9c08256d3ccd309c.jpg,images/test_data_v2/dcb1de5cef844e1f9c08256d3ccd309c.jpg,<PIL.PngImagePlugin.PngImageFile image mode=RGB size=1216x832 at 0x719428B58AF0>
619fbe6335814df68e746dbcf24981d6.jpg,images/test_data_v2/619fbe6335814df68e746dbcf24981d6.jpg,<PIL.PngImagePlugin.PngImageFile image mode=RGB size=896x1280 at 0x719428B58B80>
bb6af56e76954b729082dd0510c65256.jpg,images/test_data_v2/bb6af56e76954b729082dd0510c65256.jpg,<PIL.JpegImagePlugin.JpegImageFile image mode=RGB size=768x512 at 0x719428B58A60>
3771a66962f5466cae16f97d674b6bbd.jpg,images/test_data_v2/3771a66962f5466cae16f97d674b6bbd.jpg,<PIL.PngImagePlugin.PngImageFile image mode=RGB size=1344x896 at 0x719428B58C10>
b9262780eeaf49048194e24ca417d941.jpg,images/test_data_v2/b9262780eeaf49048194e24ca417d941.jpg,<PIL.PngImagePlugin.PngImageFile image mode=RGB size=1792x1024 at 0x719428B58CD0>
5c4d11d272ee4db894c1c0bdb17d70e6.jpg,images/test_data_v2/5c4d11d272ee4db894c1c0bdb17d70e6.jpg,<PIL.JpegImagePlugin.JpegImageFile image mode=RGB size=1000x333 at 0x719428B58C70>
1a3f96aece354a04aec02e6c56c6ab6f.jpg,images/test_data_v2/1a3f96aece354a04aec02e6c56c6ab6f.jpg,<PIL.PngImagePlugin.PngImageFile image mode=RGB size=768x512 at 0x719428B58D00>
2a3f78c1277e45f8ad92f57ad2064bfc.jpg,images/test_data_v2/2a3f78c1277e45f8ad92f57ad2064bfc.jpg,<PIL.JpegImagePlugin.JpegImageFile image mode=RGB size=1000x667 at 0x719428B58EB0>
e9adfea8b67e4791968c4c2bdd8ec343.jpg,images/test_data_v2/e9adfea8b67e4791968c4c2bdd8ec343.jpg,<PIL.PngImagePlugin.PngImageFile image mode=RGB size=1792x1024 at 0x719428B59090>
6bc0a78b75d448b3b76987594b9927da.jpg,images/test_data_v2/6bc0a78b75d448b3b76987594b9927da.jpg,<PIL.PngImagePlugin.PngImageFile image mode=RGB size=832x1216 at 0x719428B592D0>
bf78730e7f4248838f7069f0f6320c53.jpg,images/test_data_v2/bf78730e7f4248838f7069f0f6320c53.jpg,<PIL.JpegImagePlugin.JpegImageFile image mode=RGB size=1000x667 at 0x719428B593C0>
61ecc9cb28a4461f87b911c8752b206b.jpg,images/test_data_v2/61ecc9cb28a4461f87b911c8752b206b.jpg,<PIL.PngImagePlugin.PngImageFile image mode=RGB size=896x1344 at 0x719428B593F0>
ec926d1897d848b68501eb8c2f552ec1.jpg,images/test_data_v2/ec926d1897d848b68501eb8c2f552ec1.jpg,<PIL.PngImagePlugin.PngImageFile image mode=RGB size=1216x832 at 0x719428B59480>
69bc62d3959d4129be4a87e8663a73ba.jpg,images/test_data_v2/69bc62d3959d4129be4a87e8663a73ba.jpg,<PIL.PngImagePlugin.PngImageFile image mode=RGB size=1792x1024 at 0x719428B59510>
fa622af1919744a3b9ff2bc0ce280038.jpg,images/test_data_v2/fa622af1919744a3b9ff2bc0ce280038.jpg,<PIL.JpegImagePlugin.JpegImageFile image mode=RGB size=1000x703 at 0x719428B59570>
d40dc0594070456ba6aacb051c6e81d6.jpg,images/test_data_v2/d40dc0594070456ba6aacb051c6e81d6.jpg,<PIL.PngImagePlugin.PngImageFile image mode=RGB size=1024x1792 at 0x719428B594B0>
8939107e993c4398aaf61c207a71e256.jpg,images/test_data_v2/8939107e993c4398aaf61c207a71e256.jpg,<PIL.JpegImagePlugin.JpegImageFile image mode=RGB size=1000x667 at 0x719428B59870>
348a5b11c1014d87853fac599e597cb6.jpg,images/test_data_v2/348a5b11c1014d87853fac599e597cb6.jpg,<PIL.PngImagePlugin.PngImageFile image mode=RGB size=1216x832 at 0x719428B596F0>
1e155eb8700b4d70a6f0764e0032ebad.jpg,images/test_data_v2/1e155eb8700b4d70a6f0764e0032ebad.jpg,<PIL.PngImagePlugin.PngImageFile image mode=RGB size=1792x1024 at 0x719428B59BD0>
0c995a341b2b4a6d906119333916e99c.jpg,images/test_data_v2/0c995a341b2b4a6d906119333916e99c.jpg,<PIL.PngImagePlugin.PngImageFile image mode=RGB size=1792x1024 at 0x719428B59C30>
040ad62209de4e0a9f3be83c1aef266c.jpg,images/test_data_v2/040ad62209de4e0a9f3be83c1aef266c.jpg,<PIL.PngImagePlugin.PngImageFile image mode=RGB size=512x768 at 0x719428B59CC0>
85f558aff0bf47ac9922656258c539ac.jpg,images/test_data_v2/85f558aff0bf47ac9922656258c539ac.jpg,<PIL.PngImagePlugin.PngImageFile image mode=RGB size=1280x896 at 0x719428B59CF0>
6e4220efc3754790aa5cbb3f456249a3.jpg,images/test_data_v2/6e4220efc3754790aa5cbb3f456249a3.jpg,<PIL.JpegImagePlugin.JpegImageFile image mode=RGB size=1000x1000 at 0x719428B59D50>
dcf8c0edddd9423cb85b71abb91dee44.jpg,images/test_data_v2/dcf8c0edddd9423cb85b71abb91dee44.jpg,<PIL.JpegImagePlugin.JpegImageFile image mode=RGB size=1000x515 at 0x719428B59E10>
5d172b19aec94ab19c4902339f3a3d5c.jpg,images/test_data_v2/5d172b19aec94ab19c4902339f3a3d5c.jpg,<PIL.JpegImagePlugin.JpegImageFile image mode=RGB size=768x480 at 0x719428B59F30>
5388e5ec5f4a4737a036a7a002cbbb89.jpg,images/test_data_v2/5388e5ec5f4a4737a036a7a002cbbb89.jpg,<PIL.PngImagePlugin.PngImageFile image mode=RGB size=768x512 at 0x719428B5A1A0>
56f9bf63f3ca4d2b8dbc78085a379b09.jpg,images/test_data_v2/56f9bf63f3ca4d2b8dbc78085a379b09.jpg,<PIL.PngImagePlugin.PngImageFile image mode=RGB size=512x768 at 0x719428B5A2F0>
8096e2f9bb894f45becaf41b542c7e04.jpg,images/test_data_v2/8096e2f9bb894f45becaf41b542c7e04.jpg,<PIL.JpegImagePlugin.JpegImageFile image mode=RGB size=1000x563 at 0x719428B5A380>
57b8fb6179cf45b6b41e9a4ba8265145.jpg,images/test_data_v2/57b8fb6179cf45b6b41e9a4ba8265145.jpg,<PIL.JpegImagePlugin.JpegImageFile image mode=RGB size=1000x667 at 0x719428B5A440>
cf1f7fea1e054519a44c29f0cf2a9e95.jpg,images/test_data_v2/cf1f7fea1e054519a44c29f0cf2a9e95.jpg,<PIL.JpegImagePlugin.JpegImageFile image mode=RGB size=667x1000 at 0x719428B5A560>
e8ef63120908406ba67deae5a55fd06b.jpg,images/test_data_v2/e8ef63120908406ba67deae5a55fd06b.jpg,<PIL.PngImagePlugin.PngImageFile image mode=RGB size=496x768 at 0x719428B5A800>
3ec9107177b64580b696527f12fec24e.jpg,images/test_data_v2/3ec9107177b64580b696527f12fec24e.jpg,<PIL.PngImagePlugin.PngImageFile image mode=RGB size=768x512 at 0x719428B5AA40>
73e2b1eb8b014fada811e588716ebc1c.jpg,images/test_data_v2/73e2b1eb8b014fada811e588716ebc1c.jpg,<PIL.JpegImagePlugin.JpegImageFile image mode=RGB size=1000x750 at 0x719428B5AB90>
72574eac05cc4652943e67b6b3525759.jpg,images/test_data_v2/72574eac05cc4652943e67b6b3525759.jpg,<PIL.PngImagePlugin.PngImageFile image mode=RGB size=768x704 at 0x719428B5AC80>
b0283d3b5a3f4d91a7a4c8c36c767c00.jpg,images/test_data_v2/b0283d3b5a3f4d91a7a4c8c36c767c00.jpg,<PIL.PngImagePlugin.PngImageFile image mode=RGB size=1344x896 at 0x719428B5AD70>
606db5e53e65463086207fd3eb56e799.jpg,images/test_data_v2/606db5e53e65463086207fd3eb56e799.jpg,<PIL.PngImagePlugin.PngImageFile image mode=RGB size=1792x1024 at 0x719428B5AF20>
2bcd6b6fbbdd4f089a6464465d52309d.jpg,images/test_data_v2/2bcd6b6fbbdd4f089a6464465d52309d.jpg,<PIL.PngImagePlugin.PngImageFile image mode=RGB size=1216x832 at 0x719428B5AEC0>
d88c5e635069434ab9a8f9dafff0b31c.jpg,images/test_data_v2/d88c5e635069434ab9a8f9dafff0b31c.jpg,<PIL.PngImagePlugin.PngImageFile image mode=RGB size=1200x960 at 0x719428B5B070>
265f663c52f2403a8471814f8d378ba7.jpg,images/test_data_v2/265f663c52f2403a8471814f8d378ba7.jpg,<PIL.JpegImagePlugin.JpegImageFile image mode=RGB size=1000x667 at 0x719428B5B0D0>
03a830bbc9e4482d91462c6cf036665a.jpg,images/test_data_v2/03a830bbc9e4482d91462c6cf036665a.jpg,<PIL.PngImagePlugin.PngImageFile image mode=RGB size=1344x896 at 0x719428B5B130>
c104700916004a45ae7354ad5f6ab674.jpg,images/test_data_v2/c104700916004a45ae7354ad5f6ab674.jpg,<PIL.JpegImagePlugin.JpegImageFile image mode=RGB size=1000x667 at 0x719428B5B370>
c93bcf69668147d9a200c4b89019e914.jpg,images/test_data_v2/c93bcf69668147d9a200c4b89019e914.jpg,<PIL.JpegImagePlugin.JpegImageFile image mode=RGB size=1000x1000 at 0x719428B5B400>
559f93a19a3645bd99ba315ad774442f.jpg,images/test_data_v2/559f93a19a3645bd99ba315ad774442f.jpg,<PIL.JpegImagePlugin.JpegImageFile image mode=RGB size=1000x667 at 0x719428B5B520>
e1529462245446feb4f63daa76a92b65.jpg,images/test_data_v2/e1529462245446feb4f63daa76a92b65.jpg,<PIL.JpegImagePlugin.JpegImageFile image mode=RGB size=1000x667 at 0x719428B5B6D0>
3e13285a5f754e3cab784bf1c682aacf.jpg,images/test_data_v2/3e13285a5f754e3cab784bf1c682aacf.jpg,<PIL.JpegImagePlugin.JpegImageFile image mode=RGB size=1000x667 at 0x719428B5B730>
dc303767cf8a49beb0d67bc5e55207b2.jpg,images/test_data_v2/dc303767cf8a49beb0d67bc5e55207b2.jpg,<PIL.JpegImagePlugin.JpegImageFile image mode=RGB size=1000x667 at 0x719428B5B880>
f40879cf6e1945c08e4bec8efbeb41a0.jpg,images/test_data_v2/f40879cf6e1945c08e4bec8efbeb41a0.jpg,<PIL.JpegImagePlugin.JpegImageFile image mode=RGB size=1000x563 at 0x719428B5BB20>
800a52a08d3b42bb828ff81fe2ae7b08.jpg,images/test_data_v2/800a52a08d3b42bb828ff81fe2ae7b08.jpg,<PIL.JpegImagePlugin.JpegImageFile image mode=RGB size=1000x667 at 0x719428B5BD90>
e36efa7cbdd1437481615dccd2961750.jpg,images/test_data_v2/e36efa7cbdd1437481615dccd2961750.jpg,<PIL.PngImagePlugin.PngImageFile image mode=RGB size=1792x1024 at 0x719428B5BFD0>
6d0cc7efc0734bbd9e4d662592dde7d5.jpg,images/test_data_v2/6d0cc7efc0734bbd9e4d662592dde7d5.jpg,<PIL.PngImagePlugin.PngImageFile image mode=RGB size=768x512 at 0x7194281241F0>
d949007f25b844acad882c8762ab387e.jpg,images/test_data_v2/d949007f25b844acad882c8762ab387e.jpg,<PIL.JpegImagePlugin.JpegImageFile image mode=RGB size=1000x667 at 0x719428124220>
f246c1f38cbf489387663f6a2d55b4bd.jpg,images/test_data_v2/f246c1f38cbf489387663f6a2d55b4bd.jpg,<PIL.JpegImagePlugin.JpegImageFile image mode=RGB size=1000x667 at 0x7194281242E0>
58d727bd12934fe78adfae06137bc3e1.jpg,images/test_data_v2/58d727bd12934fe78adfae06137bc3e1.jpg,<PIL.JpegImagePlugin.JpegImageFile image mode=RGB size=1000x667 at 0x719428124400>
3bb0872b0a714fe29f48b95b0f8256bc.jpg,images/test_data_v2/3bb0872b0a714fe29f48b95b0f8256bc.jpg,<PIL.JpegImagePlugin.JpegImageFile image mode=RGB size=768x608 at 0x719428124670>
34857d38856247848654aec2c6d7444c.jpg,images/test_data_v2/34857d38856247848654aec2c6d7444c.jpg,<PIL.PngImagePlugin.PngImageFile image mode=RGB size=1792x1024 at 0x7194281248E0>
9a21507bc9de459e94af6279f7377406.jpg,images/test_data_v2/9a21507bc9de459e94af6279f7377406.jpg,<PIL.JpegImagePlugin.JpegImageFile image mode=RGB size=669x1000 at 0x719428124A90>
6314fe4b6cbe47e7b5cf18fa437fff52.jpg,images/test_data_v2/6314fe4b6cbe47e7b5cf18fa437fff52.jpg,<PIL.PngImagePlugin.PngImageFile image mode=RGB size=1024x1024 at 0x719428124A00>
016ace77039e4ae79a2a088a4406e28c.jpg,images/test_data_v2/016ace77039e4ae79a2a088a4406e28c.jpg,<PIL.JpegImagePlugin.JpegImageFile image mode=RGB size=1000x667 at 0x719428124B80>
970ccaa45f3c466d80936752088660ea.jpg,images/test_data_v2/970ccaa45f3c466d80936752088660ea.jpg,<PIL.JpegImagePlugin.JpegImageFile image mode=RGB size=1000x667 at 0x719428124B20>
5847a71b9c654386a5fe20c65a5cccca.jpg,images/test_data_v2/5847a71b9c654386a5fe20c65a5cccca.jpg,<PIL.PngImagePlugin.PngImageFile image mode=RGB size=896x1280 at 0x719428124D30>
94f2f128b89540f69eb1c870cef321f0.jpg,images/test_data_v2/94f2f128b89540f69eb1c870cef321f0.jpg,<PIL.JpegImagePlugin.JpegImageFile image mode=RGB size=1000x666 at 0x719428124F70>
997d05f9f54d43a99281f643f936db5e.jpg,images/test_data_v2/997d05f9f54d43a99281f643f936db5e.jpg,<PIL.JpegImagePlugin.JpegImageFile image mode=RGB size=1000x667 at 0x719428125150>
4edcd3bea3754d43a9f3a2c42a1b7c32.jpg,images/test_data_v2/4edcd3bea3754d43a9f3a2c42a1b7c32.jpg,<PIL.JpegImagePlugin.JpegImageFile image mode=RGB size=1000x667 at 0x719428125270>
9fee23fd56fa48de864f61ecd5d9864f.jpg,images/test_data_v2/9fee23fd56fa48de864f61ecd5d9864f.jpg,<PIL.PngImagePlugin.PngImageFile image mode=RGB size=1216x832 at 0x7194281254E0>
389be502bbe442c69e00a207f483f9ef.jpg,images/test_data_v2/389be502bbe442c69e00a207f483f9ef.jpg,<PIL.JpegImagePlugin.JpegImageFile image mode=RGB size=1000x414 at 0x7194281256C0>
fecccba5dfa2488aa51c73aefb12ff62.jpg,images/test_data_v2/fecccba5dfa2488aa51c73aefb12ff62.jpg,<PIL.PngImagePlugin.PngImageFile image mode=RGB size=1216x832 at 0x7194281256F0>
47e9890ed55947ebb7cbe71c1fe24171.jpg,images/test_data_v2/47e9890ed55947ebb7cbe71c1fe24171.jpg,<PIL.PngImagePlugin.PngImageFile image mode=RGB size=832x1216 at 0x7194281259C0>
f5be5d30b22d4e67820755dfd1fbeb38.jpg,images/test_data_v2/f5be5d30b22d4e67820755dfd1fbeb38.jpg,<PIL.PngImagePlugin.PngImageFile image mode=RGB size=1408x768 at 0x719428125A50>
1bdaf95363964016b72c4ffd38298670.jpg,images/test_data_v2/1bdaf95363964016b72c4ffd38298670.jpg,<PIL.JpegImagePlugin.JpegImageFile image mode=RGB size=1000x667 at 0x719428125810>
62acd257e60b4a19bf5c23d596fda84d.jpg,images/test_data_v2/62acd257e60b4a19bf5c23d596fda84d.jpg,<PIL.PngImagePlugin.PngImageFile image mode=RGB size=832x1216 at 0x719428125B10>
43b21a44df0047a1bd1b328c4ab28c43.jpg,images/test_data_v2/43b21a44df0047a1bd1b328c4ab28c43.jpg,<PIL.PngImagePlugin.PngImageFile image mode=RGB size=1792x1024 at 0x719428125DB0>
2a75462c89e44bdba25e9127fc8798fb.jpg,images/test_data_v2/2a75462c89e44bdba25e9127fc8798fb.jpg,<PIL.JpegImagePlugin.JpegImageFile image mode=RGB size=1000x667 at 0x719428125E10>
ff30e03b93b3445e90b2a36ee11b8363.jpg,images/test_data_v2/ff30e03b93b3445e90b2a36ee11b8363.jpg,<PIL.JpegImagePlugin.JpegImageFile image mode=RGB size=768x736 at 0x719428125C00>
81e62530613d4d46a46822505f53374d.jpg,images/test_data_v2/81e62530613d4d46a46822505f53374d.jpg,<PIL.JpegImagePlugin.JpegImageFile image mode=RGB size=1000x680 at 0x719428125FC0>
c25b7752bd984e569f9a6c26b0e7ac5a.jpg,images/test_data_v2/c25b7752bd984e569f9a6c26b0e7ac5a.jpg,<PIL.PngImagePlugin.PngImageFile image mode=RGB size=1024x1792 at 0x719428126140>
3ed1ae74825f420395b8f2d45a743c24.jpg,images/test_data_v2/3ed1ae74825f420395b8f2d45a743c24.jpg,<PIL.JpegImagePlugin.JpegImageFile image mode=RGB size=667x1000 at 0x7194281263B0>
7ba3eb9e899b4c979a29c19224f30980.jpg,images/test_data_v2/7ba3eb9e899b4c979a29c19224f30980.jpg,<PIL.JpegImagePlugin.JpegImageFile image mode=RGB size=480x768 at 0x719428126260>
a1a5eed1981b4be99a3d1d9d23a11408.jpg,images/test_data_v2/a1a5eed1981b4be99a3d1d9d23a11408.jpg,<PIL.JpegImagePlugin.JpegImageFile image mode=RGB size=667x1000 at 0x719428126590>
09fe2110cc674b3aa92d02c1862da6c4.jpg,images/test_data_v2/09fe2110cc674b3aa92d02c1862da6c4.jpg,<PIL.JpegImagePlugin.JpegImageFile image mode=RGB size=1000x521 at 0x719428126740>
4aa7873c25c645569ee998ae6a6f528f.jpg,images/test_data_v2/4aa7873c25c645569ee998ae6a6f528f.jpg,<PIL.JpegImagePlugin.JpegImageFile image mode=RGB size=1000x333 at 0x719428126890>
f76c2580e9644d85a741a42c6f6b39c0.jpg,images/test_data_v2/f76c2580e9644d85a741a42c6f6b39c0.jpg,<PIL.JpegImagePlugin.JpegImageFile image mode=RGB size=1000x667 at 0x719428126B00>
8507b74928224c13a20e33de0a35158d.jpg,images/test_data_v2/8507b74928224c13a20e33de0a35158d.jpg,<PIL.JpegImagePlugin.JpegImageFile image mode=RGB size=1000x667 at 0x719428126D70>
5fb4f53609194f37ad2cc0f970ad53e2.jpg,images/test_data_v2/5fb4f53609194f37ad2cc0f970ad53e2.jpg,<PIL.PngImagePlugin.PngImageFile image mode=RGB size=768x512 at 0x719428126FE0>
0d51f9158cf84c729dc6c842fc3aa8cd.jpg,images/test_data_v2/0d51f9158cf84c729dc6c842fc3aa8cd.jpg,<PIL.PngImagePlugin.PngImageFile image mode=RGB size=1408x768 at 0x719428127220>
30a1631b17e8441fa2cbdb89e5823291.jpg,images/test_data_v2/30a1631b17e8441fa2cbdb89e5823291.jpg,<PIL.PngImagePlugin.PngImageFile image mode=RGB size=896x1280 at 0x719428127370>
209775c345af4bf3a2482e43d363ce9d.jpg,images/test_data_v2/209775c345af4bf3a2482e43d363ce9d.jpg,<PIL.JpegImagePlugin.JpegImageFile image mode=RGB size=667x1000 at 0x7194281273D0>
ac85539efbbb4fc59992d7e0c605da4f.jpg,images/test_data_v2/ac85539efbbb4fc59992d7e0c605da4f.jpg,<PIL.PngImagePlugin.PngImageFile image mode=RGB size=768x512 at 0x7194281274C0>
036a8d423ddc464e9a4d401a63e96f8e.jpg,images/test_data_v2/036a8d423ddc464e9a4d401a63e96f8e.jpg,<PIL.PngImagePlugin.PngImageFile image mode=RGB size=1344x768 at 0x719428127490>
d999eeb690434d629566b63500ad01ec.jpg,images/test_data_v2/d999eeb690434d629566b63500ad01ec.jpg,<PIL.PngImagePlugin.PngImageFile image mode=RGB size=896x1344 at 0x7194281275B0>
97ece7858b0b4c698022480e8a7765de.jpg,images/test_data_v2/97ece7858b0b4c698022480e8a7765de.jpg,<PIL.PngImagePlugin.PngImageFile image mode=RGB size=1024x1024 at 0x719428127610>
a6f7a37f266b4ef6ba1fd904da1d039c.jpg,images/test_data_v2/a6f7a37f266b4ef6ba1fd904da1d039c.jpg,<PIL.JpegImagePlugin.JpegImageFile image mode=RGB size=1000x563 at 0x719428127520>
6a7bf8db6cb84e75a77ac7877ceab3cd.jpg,images/test_data_v2/6a7bf8db6cb84e75a77ac7877ceab3cd.jpg,<PIL.JpegImagePlugin.JpegImageFile image mode=RGB size=1000x333 at 0x719428127640>
3b394030cf6949d9aa16d4eddaefec41.jpg,images/test_data_v2/3b394030cf6949d9aa16d4eddaefec41.jpg,<PIL.PngImagePlugin.PngImageFile image mode=RGB size=1408x768 at 0x719428127820>
96d0232077d241159ba68c32951ca95d.jpg,images/test_data_v2/96d0232077d241159ba68c32951ca95d.jpg,<PIL.PngImagePlugin.PngImageFile image mode=RGB size=496x768 at 0x719428127A60>
e3515732b80e4267a397648b7f0a715c.jpg,images/test_data_v2/e3515732b80e4267a397648b7f0a715c.jpg,<PIL.JpegImagePlugin.JpegImageFile image mode=RGB size=768x512 at 0x719428127BB0>
59927172f772471fb8e0af810e9641c8.jpg,images/test_data_v2/59927172f772471fb8e0af810e9641c8.jpg,<PIL.JpegImagePlugin.JpegImageFile image mode=RGB size=1000x667 at 0x719428127CA0>
5d6d82ab94e54935b756cdb85960a5ab.jpg,images/test_data_v2/5d6d82ab94e54935b756cdb85960a5ab.jpg,<PIL.JpegImagePlugin.JpegImageFile image mode=RGB size=1000x667 at 0x719428127CD0>
c14745dce63b4b21bef29d9bfa376904.jpg,images/test_data_v2/c14745dce63b4b21bef29d9bfa376904.jpg,<PIL.PngImagePlugin.PngImageFile image mode=RGB size=1344x896 at 0x719428127D30>
f30287c114204141b64c0520eea2d85b.jpg,images/test_data_v2/f30287c114204141b64c0520eea2d85b.jpg,<PIL.JpegImagePlugin.JpegImageFile image mode=RGB size=1000x665 at 0x719428127E50>
de1e924f04c0420eb682874d489a6212.jpg,images/test_data_v2/de1e924f04c0420eb682874d489a6212.jpg,<PIL.JpegImagePlugin.JpegImageFile image mode=RGB size=667x1000 at 0x719428127FD0>
dfd05033537c4e2aa3437263ca813356.jpg,images/test_data_v2/dfd05033537c4e2aa3437263ca813356.jpg,<PIL.PngImagePlugin.PngImageFile image mode=RGB size=1792x1024 at 0x7194281581C0>
4568b62bbd654fc8b5906b317155356a.jpg,images/test_data_v2/4568b62bbd654fc8b5906b317155356a.jpg,<PIL.PngImagePlugin.PngImageFile image mode=RGB size=768x512 at 0x7194281583A0>
3d4d93eabbe84be9b87cd24c0bd80ea0.jpg,images/test_data_v2/3d4d93eabbe84be9b87cd24c0bd80ea0.jpg,<PIL.JpegImagePlugin.JpegImageFile image mode=RGB size=1000x667 at 0x7194281583D0>
fe3666664c57422091708c9a4235917f.jpg,images/test_data_v2/fe3666664c57422091708c9a4235917f.jpg,<PIL.JpegImagePlugin.JpegImageFile image mode=RGB size=667x1000 at 0x719428158490>
3984136e34f540f6beded0c30a8e5df8.jpg,images/test_data_v2/3984136e34f540f6beded0c30a8e5df8.jpg,<PIL.JpegImagePlugin.JpegImageFile image mode=RGB size=1000x667 at 0x7194281585B0>
d0e13975c2fb4805a4012309be07b269.jpg,images/test_data_v2/d0e13975c2fb4805a4012309be07b269.jpg,<PIL.JpegImagePlugin.JpegImageFile image mode=RGB size=1000x667 at 0x719428158850>
52803e5761a948d9a1fccba69e09c5ad.jpg,images/test_data_v2/52803e5761a948d9a1fccba69e09c5ad.jpg,<PIL.JpegImagePlugin.JpegImageFile image mode=RGB size=1000x810 at 0x719428158AC0>
8415e5d5da6143938e5ced9135cb3b86.jpg,images/test_data_v2/8415e5d5da6143938e5ced9135cb3b86.jpg,<PIL.PngImagePlugin.PngImageFile image mode=RGB size=768x768 at 0x719428158D60>
624cf4fcc40444b583efcccddc6b5131.jpg,images/test_data_v2/624cf4fcc40444b583efcccddc6b5131.jpg,<PIL.JpegImagePlugin.JpegImageFile image mode=RGB size=1000x657 at 0x719428158E80>
7f7e11380d624205835f1586d424e767.jpg,images/test_data_v2/7f7e11380d624205835f1586d424e767.jpg,<PIL.PngImagePlugin.PngImageFile image mode=RGB size=896x1280 at 0x719428158F70>
0b0eba1378d84901a2ed78f8561f4790.jpg,images/test_data_v2/0b0eba1378d84901a2ed78f8561f4790.jpg,<PIL.JpegImagePlugin.JpegImageFile image mode=RGB size=768x480 at 0x719428158F40>
c580afc29259454da93e82035ad261c2.jpg,images/test_data_v2/c580afc29259454da93e82035ad261c2.jpg,<PIL.JpegImagePlugin.JpegImageFile image mode=RGB size=1000x664 at 0x719428159030>
c38ae3fada9148c98de729795afe9381.jpg,images/test_data_v2/c38ae3fada9148c98de729795afe9381.jpg,<PIL.PngImagePlugin.PngImageFile image mode=RGB size=768x512 at 0x719428159060>
42bfdfb2370c4dd6861cd2b459b58887.jpg,images/test_data_v2/42bfdfb2370c4dd6861cd2b459b58887.jpg,<PIL.JpegImagePlugin.JpegImageFile image mode=RGB size=768x512 at 0x719428159090>
67c5f8af8bab4fe9a5f7365406e39cb7.jpg,images/test_data_v2/67c5f8af8bab4fe9a5f7365406e39cb7.jpg,<PIL.JpegImagePlugin.JpegImageFile image mode=RGB size=667x1000 at 0x719428159150>
e16ae7a1c1eb4423b351f01087c8fc8b.jpg,images/test_data_v2/e16ae7a1c1eb4423b351f01087c8fc8b.jpg,<PIL.JpegImagePlugin.JpegImageFile image mode=RGB size=1000x667 at 0x719428159180>
216b17494b734f2195c826607966e9ea.jpg,images/test_data_v2/216b17494b734f2195c826607966e9ea.jpg,<PIL.JpegImagePlugin.JpegImageFile image mode=RGB size=1000x667 at 0x7194281592D0>
e71e4b9b49fc4dddb20ac2fef00b8480.jpg,images/test_data_v2/e71e4b9b49fc4dddb20ac2fef00b8480.jpg,<PIL.PngImagePlugin.PngImageFile image mode=RGB size=1216x832 at 0x719428159540>
23113002f19747518bdbfdc6ae8a1a8a.jpg,images/test_data_v2/23113002f19747518bdbfdc6ae8a1a8a.jpg,<PIL.JpegImagePlugin.JpegImageFile image mode=RGB size=1000x613 at 0x719428159930>
5f88f3c14e9a4105ba2442f09010fbbc.jpg,images/test_data_v2/5f88f3c14e9a4105ba2442f09010fbbc.jpg,<PIL.JpegImagePlugin.JpegImageFile image mode=RGB size=667x1000 at 0x719428159960>
a7142b7120eb42bcb4fbb57bb86ad4ce.jpg,images/test_data_v2/a7142b7120eb42bcb4fbb57bb86ad4ce.jpg,<PIL.JpegImagePlugin.JpegImageFile image mode=RGB size=1000x667 at 0x719428159AB0>
6629fdb6d8674875a6406c4a50da1e84.jpg,images/test_data_v2/6629fdb6d8674875a6406c4a50da1e84.jpg,<PIL.JpegImagePlugin.JpegImageFile image mode=RGB size=1000x663 at 0x719428159C60>
3ec4bde8b3b04df4ba9153e479d625b1.jpg,images/test_data_v2/3ec4bde8b3b04df4ba9153e479d625b1.jpg,<PIL.PngImagePlugin.PngImageFile image mode=RGB size=1792x1024 at 0x719428159CC0>
d8a02f61d6764aefab102d1392083fba.jpg,images/test_data_v2/d8a02f61d6764aefab102d1392083fba.jpg,<PIL.JpegImagePlugin.JpegImageFile image mode=RGB size=747x1000 at 0x719428159F30>
e070b16fc9ac4491b32f425f87b56a43.jpg,images/test_data_v2/e070b16fc9ac4491b32f425f87b56a43.jpg,<PIL.JpegImagePlugin.JpegImageFile image mode=RGB size=1000x633 at 0x719428159DE0>
1d87fa6afa524b0b80e0819671f073bb.jpg,images/test_data_v2/1d87fa6afa524b0b80e0819671f073bb.jpg,<PIL.PngImagePlugin.PngImageFile image mode=RGB size=1280x896 at 0x71942815A020>
9de3c5e5b1514d89b9e7c2da3bbbe95e.jpg,images/test_data_v2/9de3c5e5b1514d89b9e7c2da3bbbe95e.jpg,<PIL.JpegImagePlugin.JpegImageFile image mode=RGB size=1000x667 at 0x71942815A050>
14da7082acaa4ea49fdd7b18fc1245c9.jpg,images/test_data_v2/14da7082acaa4ea49fdd7b18fc1245c9.jpg,<PIL.PngImagePlugin.PngImageFile image mode=RGB size=768x496 at 0x71942815A110>
ae1b0f4fdac3461983c75d194e221f9c.jpg,images/test_data_v2/ae1b0f4fdac3461983c75d194e221f9c.jpg,<PIL.JpegImagePlugin.JpegImageFile image mode=RGB size=768x512 at 0x71942815A200>
1f8e32eab4c44f2cba078e7d74521cc5.jpg,images/test_data_v2/1f8e32eab4c44f2cba078e7d74521cc5.jpg,<PIL.PngImagePlugin.PngImageFile image mode=RGB size=896x1280 at 0x71942815A3E0>
db67dbe458564539895454ac78b2ad85.jpg,images/test_data_v2/db67dbe458564539895454ac78b2ad85.jpg,<PIL.JpegImagePlugin.JpegImageFile image mode=RGB size=1000x667 at 0x71942815A3B0>
142d8ee925a243b1bc130f640c916787.jpg,images/test_data_v2/142d8ee925a243b1bc130f640c916787.jpg,<PIL.PngImagePlugin.PngImageFile image mode=RGB size=768x512 at 0x71942815A4A0>
97c2a9cb730c49d198fed61490c42cf8.jpg,images/test_data_v2/97c2a9cb730c49d198fed61490c42cf8.jpg,<PIL.JpegImagePlugin.JpegImageFile image mode=RGB size=768x512 at 0x71942815A590>
7c1eda2ce7974b62aa838f50bfd6f07e.jpg,images/test_data_v2/7c1eda2ce7974b62aa838f50bfd6f07e.jpg,<PIL.JpegImagePlugin.JpegImageFile image mode=RGB size=1000x667 at 0x71942815A770>
8c687d7e42f74215bdb88d3c55d6c7c6.jpg,images/test_data_v2/8c687d7e42f74215bdb88d3c55d6c7c6.jpg,<PIL.JpegImagePlugin.JpegImageFile image mode=RGB size=1000x604 at 0x71942815A7A0>
adaadad3e7d1406487ea9060abeca005.jpg,images/test_data_v2/adaadad3e7d1406487ea9060abeca005.jpg,<PIL.JpegImagePlugin.JpegImageFile image mode=RGB size=1000x701 at 0x71942815A800>
8816a363df7b417ab2df4cfcb7531e50.jpg,images/test_data_v2/8816a363df7b417ab2df4cfcb7531e50.jpg,<PIL.JpegImagePlugin.JpegImageFile image mode=RGB size=1000x667 at 0x71942815A950>
d02c89d0d1b94dbe8d6a531d0c610048.jpg,images/test_data_v2/d02c89d0d1b94dbe8d6a531d0c610048.jpg,<PIL.JpegImagePlugin.JpegImageFile image mode=RGB size=667x1000 at 0x71942815ABF0>
07652d2400f849fc8545a679da05f690.jpg,images/test_data_v2/07652d2400f849fc8545a679da05f690.jpg,<PIL.JpegImagePlugin.JpegImageFile image mode=RGB size=1000x667 at 0x71942815AE90>
5755814c82564a868990bc0bba7f2988.jpg,images/test_data_v2/5755814c82564a868990bc0bba7f2988.jpg,<PIL.JpegImagePlugin.JpegImageFile image mode=RGB size=1000x667 at 0x71942815B010>
b7dc09075c5846cb8045eeb814957ee5.jpg,images/test_data_v2/b7dc09075c5846cb8045eeb814957ee5.jpg,<PIL.JpegImagePlugin.JpegImageFile image mode=RGB size=672x768 at 0x71942815B160>
b7d43eb2b89945c8a898791d7d8b8139.jpg,images/test_data_v2/b7d43eb2b89945c8a898791d7d8b8139.jpg,<PIL.PngImagePlugin.PngImageFile image mode=RGB size=1344x896 at 0x71942815B3D0>
36cab5b187954584bf131abea0f8f3e6.jpg,images/test_data_v2/36cab5b187954584bf131abea0f8f3e6.jpg,<PIL.PngImagePlugin.PngImageFile image mode=RGB size=1344x896 at 0x71942815B580>
9e1e15132d974cafa7833ffa6f087f0f.jpg,images/test_data_v2/9e1e15132d974cafa7833ffa6f087f0f.jpg,<PIL.PngImagePlugin.PngImageFile image mode=RGB size=1216x832 at 0x71942815B4F0>
e7eefb6cf7b343a687677184974d53ab.jpg,images/test_data_v2/e7eefb6cf7b343a687677184974d53ab.jpg,<PIL.JpegImagePlugin.JpegImageFile image mode=RGB size=1000x668 at 0x71942815B670>
2b3e5284976643088c316be5f15abda5.jpg,images/test_data_v2/2b3e5284976643088c316be5f15abda5.jpg,<PIL.JpegImagePlugin.JpegImageFile image mode=RGB size=1000x667 at 0x71942815B6A0>
061d33fb138c4878adea94176adac188.jpg,images/test_data_v2/061d33fb138c4878adea94176adac188.jpg,<PIL.JpegImagePlugin.JpegImageFile image mode=RGB size=1000x667 at 0x71942815B7F0>
f94238ce3a6e455ab6cbd5374e42b732.jpg,images/test_data_v2/f94238ce3a6e455ab6cbd5374e42b732.jpg,<PIL.JpegImagePlugin.JpegImageFile image mode=RGB size=1000x667 at 0x71942815BA90>
24b0b1eefd8c4ccab3200354f5cacc72.jpg,images/test_data_v2/24b0b1eefd8c4ccab3200354f5cacc72.jpg,<PIL.PngImagePlugin.PngImageFile image mode=RGB size=768x512 at 0x71942815BC10>
a41f8fdae56b48e69e6e6690c12de834.jpg,images/test_data_v2/a41f8fdae56b48e69e6e6690c12de834.jpg,<PIL.PngImagePlugin.PngImageFile image mode=RGB size=896x1280 at 0x71942815BC40>
1972dec970f04e78af45bd408a013715.jpg,images/test_data_v2/1972dec970f04e78af45bd408a013715.jpg,<PIL.JpegImagePlugin.JpegImageFile image mode=RGB size=1000x760 at 0x71942815BCA0>
5bb4a492cffe4d87884a5bcd1ee5c90c.jpg,images/test_data_v2/5bb4a492cffe4d87884a5bcd1ee5c90c.jpg,<PIL.PngImagePlugin.PngImageFile image mode=RGB size=1280x896 at 0x71942815BD60>
72640c90cdb54234a8e5c7e30372afef.jpg,images/test_data_v2/72640c90cdb54234a8e5c7e30372afef.jpg,<PIL.JpegImagePlugin.JpegImageFile image mode=RGB size=667x1000 at 0x71942815BE50>
894c4cd633f141a38616e9371bb62be4.jpg,images/test_data_v2/894c4cd633f141a38616e9371bb62be4.jpg,<PIL.PngImagePlugin.PngImageFile image mode=RGB size=1024x1024 at 0x71942815BFD0>
1beb1fe4816b4210919945fe39f8e8d8.jpg,images/test_data_v2/1beb1fe4816b4210919945fe39f8e8d8.jpg,<PIL.PngImagePlugin.PngImageFile image mode=RGB size=768x576 at 0x71942819C100>
af8bd2359e774b5ebdd8f92d0db3a188.jpg,images/test_data_v2/af8bd2359e774b5ebdd8f92d0db3a188.jpg,<PIL.PngImagePlugin.PngImageFile image mode=RGB size=1216x832 at 0x71942819C130>
865b3a19aa414298b193956fa984b6a4.jpg,images/test_data_v2/865b3a19aa414298b193956fa984b6a4.jpg,<PIL.JpegImagePlugin.JpegImageFile image mode=RGB size=768x512 at 0x71942819C1F0>
00b58c0c3f0747a097b0a438acaeecb1.jpg,images/test_data_v2/00b58c0c3f0747a097b0a438acaeecb1.jpg,<PIL.JpegImagePlugin.JpegImageFile image mode=RGB size=1000x665 at 0x71942819C220>
2d15451518804c04b5ee8e9499c0df76.jpg,images/test_data_v2/2d15451518804c04b5ee8e9499c0df76.jpg,<PIL.JpegImagePlugin.JpegImageFile image mode=RGB size=1000x667 at 0x71942819C280>
9b1466b89b5f4fad86ba28e3548302f8.jpg,images/test_data_v2/9b1466b89b5f4fad86ba28e3548302f8.jpg,<PIL.PngImagePlugin.PngImageFile image mode=RGB size=768x512 at 0x71942819C3D0>
bc1fe6d5527246eca53bbfec751d4020.jpg,images/test_data_v2/bc1fe6d5527246eca53bbfec751d4020.jpg,<PIL.JpegImagePlugin.JpegImageFile image mode=RGB size=768x512 at 0x71942819C4F0>
acde043916b24abcaace5a8f9ed9b773.jpg,images/test_data_v2/acde043916b24abcaace5a8f9ed9b773.jpg,<PIL.JpegImagePlugin.JpegImageFile image mode=RGB size=667x1000 at 0x71942819C5E0>
9364a9d10d5046808595ad0c7af6e2ef.jpg,images/test_data_v2/9364a9d10d5046808595ad0c7af6e2ef.jpg,<PIL.PngImagePlugin.PngImageFile image mode=RGB size=1216x832 at 0x71942819C610>
5535efeb99f84f729142f7d33b5062e0.jpg,images/test_data_v2/5535efeb99f84f729142f7d33b5062e0.jpg,<PIL.PngImagePlugin.PngImageFile image mode=RGB size=1216x832 at 0x71942819C910>
d3e75ceb433f4153beb8179f87fe3d62.jpg,images/test_data_v2/d3e75ceb433f4153beb8179f87fe3d62.jpg,<PIL.JpegImagePlugin.JpegImageFile image mode=RGB size=512x768 at 0x71942819C9A0>
0d17aecf007348128ffd2634cf9091a4.jpg,images/test_data_v2/0d17aecf007348128ffd2634cf9091a4.jpg,<PIL.JpegImagePlugin.JpegImageFile image mode=RGB size=1000x667 at 0x71942819C9D0>
2ae43d1134b2475980140e48a7a00f78.jpg,images/test_data_v2/2ae43d1134b2475980140e48a7a00f78.jpg,<PIL.JpegImagePlugin.JpegImageFile image mode=RGB size=768x480 at 0x71942819CA30>
fa36997b057049d59a8991937a41fd5f.jpg,images/test_data_v2/fa36997b057049d59a8991937a41fd5f.jpg,<PIL.JpegImagePlugin.JpegImageFile image mode=RGB size=1000x668 at 0x71942819CA90>
fbb975506cf04197b159b6c618aef3f3.jpg,images/test_data_v2/fbb975506cf04197b159b6c618aef3f3.jpg,<PIL.PngImagePlugin.PngImageFile image mode=RGB size=1792x1024 at 0x71942819CAF0>
4f824e73c8584ac187d5749d05277142.jpg,images/test_data_v2/4f824e73c8584ac187d5749d05277142.jpg,<PIL.PngImagePlugin.PngImageFile image mode=RGB size=832x1216 at 0x71942819CB80>
f6b88e38ab1846b0827f022531fc49ef.jpg,images/test_data_v2/f6b88e38ab1846b0827f022531fc49ef.jpg,<PIL.JpegImagePlugin.JpegImageFile image mode=RGB size=665x1000 at 0x71942819CC40>
630e9453c8e9453a9c42718f078b9199.jpg,images/test_data_v2/630e9453c8e9453a9c42718f078b9199.jpg,<PIL.PngImagePlugin.PngImageFile image mode=RGB size=1088x896 at 0x71942819CC70>
e47ff9e75ce342d49e56cb23ade1808d.jpg,images/test_data_v2/e47ff9e75ce342d49e56cb23ade1808d.jpg,<PIL.PngImagePlugin.PngImageFile image mode=RGB size=1344x896 at 0x71942819CD30>
15b6821559804232bcbb168cc8f612ec.jpg,images/test_data_v2/15b6821559804232bcbb168cc8f612ec.jpg,<PIL.PngImagePlugin.PngImageFile image mode=RGB size=1280x896 at 0x71942819CD90>
63574d089eda4a9c92fec9f2f69f7f0a.jpg,images/test_data_v2/63574d089eda4a9c92fec9f2f69f7f0a.jpg,<PIL.JpegImagePlugin.JpegImageFile image mode=RGB size=778x1000 at 0x71942819CDC0>
f7408e7a58ff43c2a2eb48c7696f55ac.jpg,images/test_data_v2/f7408e7a58ff43c2a2eb48c7696f55ac.jpg,<PIL.PngImagePlugin.PngImageFile image mode=RGB size=1792x1024 at 0x71942819CE50>
ec1b3e42183b42cfacfc267aedd3b946.jpg,images/test_data_v2/ec1b3e42183b42cfacfc267aedd3b946.jpg,<PIL.PngImagePlugin.PngImageFile image mode=RGB size=1792x1024 at 0x71942819D0C0>
00bb1c734976491e8e8fc2cbe4e4e38d.jpg,images/test_data_v2/00bb1c734976491e8e8fc2cbe4e4e38d.jpg,<PIL.PngImagePlugin.PngImageFile image mode=RGB size=768x512 at 0x71942819D180>
f1754a650b85459fa8c8ce8580ef48e8.jpg,images/test_data_v2/f1754a650b85459fa8c8ce8580ef48e8.jpg,<PIL.JpegImagePlugin.JpegImageFile image mode=RGB size=1000x667 at 0x71942819D1B0>
151baca549d24943b3213526853df021.jpg,images/test_data_v2/151baca549d24943b3213526853df021.jpg,<PIL.PngImagePlugin.PngImageFile image mode=RGB size=1232x928 at 0x71942819D270>
b5a424034f0e4a6ebc08b0849d46ea1c.jpg,images/test_data_v2/b5a424034f0e4a6ebc08b0849d46ea1c.jpg,<PIL.PngImagePlugin.PngImageFile image mode=RGB size=1216x832 at 0x71942819D4E0>
fed87ac747aa4414a0252ba8b99124bf.jpg,images/test_data_v2/fed87ac747aa4414a0252ba8b99124bf.jpg,<PIL.PngImagePlugin.PngImageFile image mode=RGB size=1024x1792 at 0x71942819D5A0>
07521b5416f543078cfd1dafdba69041.jpg,images/test_data_v2/07521b5416f543078cfd1dafdba69041.jpg,<PIL.PngImagePlugin.PngImageFile image mode=RGB size=896x1344 at 0x71942819D600>
a87ad139f8c84b4eba79b125fc6d76e7.jpg,images/test_data_v2/a87ad139f8c84b4eba79b125fc6d76e7.jpg,<PIL.PngImagePlugin.PngImageFile image mode=RGB size=1280x896 at 0x71942819D690>
33d0d9ba85f142f9a37be61db916c46f.jpg,images/test_data_v2/33d0d9ba85f142f9a37be61db916c46f.jpg,<PIL.PngImagePlugin.PngImageFile image mode=RGB size=1792x1024 at 0x71942819D6C0>
7fafa2417e40428897503d190a7bc7b1.jpg,images/test_data_v2/7fafa2417e40428897503d190a7bc7b1.jpg,<PIL.JpegImagePlugin.JpegImageFile image mode=RGB size=1000x667 at 0x71942819D720>
3b1fd8d640174f028c3cde987740919a.jpg,images/test_data_v2/3b1fd8d640174f028c3cde987740919a.jpg,<PIL.PngImagePlugin.PngImageFile image mode=RGB size=768x768 at 0x71942819D630>
0be468d304bc462c853e7815411085c3.jpg,images/test_data_v2/0be468d304bc462c853e7815411085c3.jpg,<PIL.JpegImagePlugin.JpegImageFile image mode=RGB size=1000x667 at 0x71942819D7E0>
49cfed0126d94e2c9086ce385eea602e.jpg,images/test_data_v2/49cfed0126d94e2c9086ce385eea602e.jpg,<PIL.PngImagePlugin.PngImageFile image mode=RGB size=1792x1024 at 0x71942819D8A0>
e855a6e60eb842ba96cfc5ea5d99cb50.jpg,images/test_data_v2/e855a6e60eb842ba96cfc5ea5d99cb50.jpg,<PIL.JpegImagePlugin.JpegImageFile image mode=RGB size=1000x563 at 0x71942819D900>
c7fe73de6dc14ba3ab0316920181be00.jpg,images/test_data_v2/c7fe73de6dc14ba3ab0316920181be00.jpg,<PIL.JpegImagePlugin.JpegImageFile image mode=RGB size=665x1000 at 0x71942819D870>
62601e0d9dde4c4796f8d8ea1f7c6c27.jpg,images/test_data_v2/62601e0d9dde4c4796f8d8ea1f7c6c27.jpg,<PIL.JpegImagePlugin.JpegImageFile image mode=RGB size=1000x667 at 0x71942819DAB0>
8651f1700e3c4c959992e6ccdad5330c.jpg,images/test_data_v2/8651f1700e3c4c959992e6ccdad5330c.jpg,<PIL.PngImagePlugin.PngImageFile image mode=RGB size=512x768 at 0x71942819DC60>
52dbd7eb10704fe69a35aa0d1e813613.jpg,images/test_data_v2/52dbd7eb10704fe69a35aa0d1e813613.jpg,<PIL.JpegImagePlugin.JpegImageFile image mode=RGB size=1000x683 at 0x71942819DD80>
8701d51321734e69bbcea6291b021a2c.jpg,images/test_data_v2/8701d51321734e69bbcea6291b021a2c.jpg,<PIL.JpegImagePlugin.JpegImageFile image mode=RGB size=1000x665 at 0x71942819DF60>
e5c844d0edc84ada8828ace63bd0f0ad.jpg,images/test_data_v2/e5c844d0edc84ada8828ace63bd0f0ad.jpg,<PIL.JpegImagePlugin.JpegImageFile image mode=RGB size=768x512 at 0x71942819DF90>
1909668727b142d6a6645d17fd335a71.jpg,images/test_data_v2/1909668727b142d6a6645d17fd335a71.jpg,<PIL.PngImagePlugin.PngImageFile image mode=RGB size=896x1344 at 0x71942819DFF0>
94794c72c44d4d42a1d7f0fae2af2db9.jpg,images/test_data_v2/94794c72c44d4d42a1d7f0fae2af2db9.jpg,<PIL.JpegImagePlugin.JpegImageFile image mode=RGB size=1000x667 at 0x71942819E080>
3c446d0ba3cc4808bd75c9cd5be00b9a.jpg,images/test_data_v2/3c446d0ba3cc4808bd75c9cd5be00b9a.jpg,<PIL.JpegImagePlugin.JpegImageFile image mode=RGB size=1000x667 at 0x71942819E0E0>
fe9a4d6f0e344daab47301d8ad19d7b6.jpg,images/test_data_v2/fe9a4d6f0e344daab47301d8ad19d7b6.jpg,<PIL.JpegImagePlugin.JpegImageFile image mode=RGB size=1000x527 at 0x71942819E200>
35a1a7bf7ae0411f931a4d0c2a11eee4.jpg,images/test_data_v2/35a1a7bf7ae0411f931a4d0c2a11eee4.jpg,<PIL.PngImagePlugin.PngImageFile image mode=RGB size=768x512 at 0x71942819E380>
93bd54519713457eba5b90334e6f023f.jpg,images/test_data_v2/93bd54519713457eba5b90334e6f023f.jpg,<PIL.PngImagePlugin.PngImageFile image mode=RGB size=1024x1792 at 0x71942819E4A0>
caea843251164e11b88a5da7d5d475eb.jpg,images/test_data_v2/caea843251164e11b88a5da7d5d475eb.jpg,<PIL.JpegImagePlugin.JpegImageFile image mode=RGB size=1000x859 at 0x71942819E680>
3dae2ae2ab8b4984bcfdf18af08d876d.jpg,images/test_data_v2/3dae2ae2ab8b4984bcfdf18af08d876d.jpg,<PIL.PngImagePlugin.PngImageFile image mode=RGB size=768x512 at 0x71942819E620>
1a2d9fd3e21b4266aea1f66b30aed157.jpg,images/test_data_v2/1a2d9fd3e21b4266aea1f66b30aed157.jpg,<PIL.JpegImagePlugin.JpegImageFile image mode=RGB size=768x512 at 0x71942819E830>
5003df82a1da41e7b3fd9b596c1446cc.jpg,images/test_data_v2/5003df82a1da41e7b3fd9b596c1446cc.jpg,<PIL.PngImagePlugin.PngImageFile image mode=RGB size=1280x896 at 0x71942819EA10>
f02f90aab29648129d6eaf809cf340b9.jpg,images/test_data_v2/f02f90aab29648129d6eaf809cf340b9.jpg,<PIL.PngImagePlugin.PngImageFile image mode=RGB size=1280x896 at 0x71942819E9E0>
299caad3ac794518a97b740dabc31318.jpg,images/test_data_v2/299caad3ac794518a97b740dabc31318.jpg,<PIL.PngImagePlugin.PngImageFile image mode=RGB size=896x1280 at 0x71942819EA70>
6c2f07a05bb14e0c92384aa4b0472967.jpg,images/test_data_v2/6c2f07a05bb14e0c92384aa4b0472967.jpg,<PIL.JpegImagePlugin.JpegImageFile image mode=RGB size=667x1000 at 0x71942819EAA0>
4bffcac01b3d499e843494c72e9b3cdf.jpg,images/test_data_v2/4bffcac01b3d499e843494c72e9b3cdf.jpg,<PIL.JpegImagePlugin.JpegImageFile image mode=RGB size=667x1000 at 0x71942819EB90>
02da22a801f9473e9f88ccb621b096e7.jpg,images/test_data_v2/02da22a801f9473e9f88ccb621b096e7.jpg,<PIL.JpegImagePlugin.JpegImageFile image mode=RGB size=768x512 at 0x71942819EBC0>
5146d30dda474edd8e1d6f99df583a7c.jpg,images/test_data_v2/5146d30dda474edd8e1d6f99df583a7c.jpg,<PIL.JpegImagePlugin.JpegImageFile image mode=RGB size=1000x745 at 0x71942819EC20>
33ac9863a4c849ad8633fcf656650860.jpg,images/test_data_v2/33ac9863a4c849ad8633fcf656650860.jpg,<PIL.JpegImagePlugin.JpegImageFile image mode=RGB size=1000x887 at 0x71942819EC80>
fb5a7d26cb424f8c93228e162130e19b.jpg,images/test_data_v2/fb5a7d26cb424f8c93228e162130e19b.jpg,<PIL.JpegImagePlugin.JpegImageFile image mode=RGB size=1000x571 at 0x71942819EDD0>
2dc5eebfaa4e4f9b80a9ba3b0b23ca09.jpg,images/test_data_v2/2dc5eebfaa4e4f9b80a9ba3b0b23ca09.jpg,<PIL.JpegImagePlugin.JpegImageFile image mode=RGB size=1000x632 at 0x71942819F040>
61d06a55729a43e68ff98a1710c44fc7.jpg,images/test_data_v2/61d06a55729a43e68ff98a1710c44fc7.jpg,<PIL.JpegImagePlugin.JpegImageFile image mode=RGB size=768x512 at 0x71942819F2B0>
57c18749dc4341f78b97408f5a24dcd5.jpg,images/test_data_v2/57c18749dc4341f78b97408f5a24dcd5.jpg,<PIL.PngImagePlugin.PngImageFile image mode=RGB size=896x1280 at 0x71942819F430>
cc3c5671327545959feb21ecf5c554e2.jpg,images/test_data_v2/cc3c5671327545959feb21ecf5c554e2.jpg,<PIL.PngImagePlugin.PngImageFile image mode=RGB size=1792x1024 at 0x71942819F460>
e8a86695eb1a421d875930c52b96cbcb.jpg,images/test_data_v2/e8a86695eb1a421d875930c52b96cbcb.jpg,<PIL.JpegImagePlugin.JpegImageFile image mode=RGB size=768x512 at 0x71942819F4F0>
d748b1af065f42cc8a943213dc638e1e.jpg,images/test_data_v2/d748b1af065f42cc8a943213dc638e1e.jpg,<PIL.JpegImagePlugin.JpegImageFile image mode=RGB size=1000x644 at 0x71942819F4C0>
c7a3c637e6b74452936cf5810503fc27.jpg,images/test_data_v2/c7a3c637e6b74452936cf5810503fc27.jpg,<PIL.JpegImagePlugin.JpegImageFile image mode=RGB size=1000x667 at 0x71942819F5E0>
e383eadf25a34fd5be51a75314840380.jpg,images/test_data_v2/e383eadf25a34fd5be51a75314840380.jpg,<PIL.JpegImagePlugin.JpegImageFile image mode=RGB size=1000x567 at 0x71942819F640>
c70c1a1c5f5a4523bffe20eee9af3883.jpg,images/test_data_v2/c70c1a1c5f5a4523bffe20eee9af3883.jpg,<PIL.JpegImagePlugin.JpegImageFile image mode=RGB size=1000x736 at 0x71942819F6A0>
f49a7210a2864997a6f52b2cb82ac5d8.jpg,images/test_data_v2/f49a7210a2864997a6f52b2cb82ac5d8.jpg,<PIL.PngImagePlugin.PngImageFile image mode=RGB size=1216x832 at 0x71942819F7F0>
1b1acd44d79b4d2794bd29f505bb7aa8.jpg,images/test_data_v2/1b1acd44d79b4d2794bd29f505bb7aa8.jpg,<PIL.PngImagePlugin.PngImageFile image mode=RGB size=1280x896 at 0x71942819F9D0>
9127814af0684f719c5b5296cccbf206.jpg,images/test_data_v2/9127814af0684f719c5b5296cccbf206.jpg,<PIL.JpegImagePlugin.JpegImageFile image mode=RGB size=1000x667 at 0x71942819F910>
94a61b7763404f88a3835f7714f8957b.jpg,images/test_data_v2/94a61b7763404f88a3835f7714f8957b.jpg,<PIL.PngImagePlugin.PngImageFile image mode=RGB size=1216x832 at 0x71942819FA90>
97d322a822d74f8a8a29f3ff7ab933af.jpg,images/test_data_v2/97d322a822d74f8a8a29f3ff7ab933af.jpg,<PIL.PngImagePlugin.PngImageFile image mode=RGB size=1024x1792 at 0x71942819FD30>
e50d400c2d2e4fccb0b6c15830d0df20.jpg,images/test_data_v2/e50d400c2d2e4fccb0b6c15830d0df20.jpg,<PIL.PngImagePlugin.PngImageFile image mode=RGB size=1216x832 at 0x71942819FD90>
9344d04035a44d56b9a23f209c766ab6.jpg,images/test_data_v2/9344d04035a44d56b9a23f209c766ab6.jpg,<PIL.PngImagePlugin.PngImageFile image mode=RGB size=1344x896 at 0x71942819FE50>
5d550aa7310843c3b381ea9f77696627.jpg,images/test_data_v2/5d550aa7310843c3b381ea9f77696627.jpg,<PIL.JpegImagePlugin.JpegImageFile image mode=RGB size=1000x667 at 0x71942819FEB0>
baa13f1a76034ea4a62da28dbc003c5d.jpg,images/test_data_v2/baa13f1a76034ea4a62da28dbc003c5d.jpg,<PIL.JpegImagePlugin.JpegImageFile image mode=RGB size=1000x613 at 0x71942819FF10>
c8ad73d8a82c452e91733236ecfe2880.jpg,images/test_data_v2/c8ad73d8a82c452e91733236ecfe2880.jpg,<PIL.PngImagePlugin.PngImageFile image mode=RGB size=768x512 at 0x71942819FF40>
8376203b88bd44e3ac25361cc68e2b01.jpg,images/test_data_v2/8376203b88bd44e3ac25361cc68e2b01.jpg,<PIL.PngImagePlugin.PngImageFile image mode=RGB size=1152x896 at 0x71942819FF70>
8467b3b936944225a9acbd660970edb5.jpg,images/test_data_v2/8467b3b936944225a9acbd660970edb5.jpg,<PIL.JpegImagePlugin.JpegImageFile image mode=RGB size=1000x667 at 0x7194281E80A0>
e3d6638b406b42169e7989f505f8b68f.jpg,images/test_data_v2/e3d6638b406b42169e7989f505f8b68f.jpg,<PIL.JpegImagePlugin.JpegImageFile image mode=RGB size=768x512 at 0x7194281E80D0>
b77cccd665da4de49f4633e59fb18269.jpg,images/test_data_v2/b77cccd665da4de49f4633e59fb18269.jpg,<PIL.JpegImagePlugin.JpegImageFile image mode=RGB size=1000x667 at 0x7194281E8220>
414c73743e4c4e51b0e0e8ee6e4bf2b5.jpg,images/test_data_v2/414c73743e4c4e51b0e0e8ee6e4bf2b5.jpg,<PIL.JpegImagePlugin.JpegImageFile image mode=RGB size=1000x628 at 0x7194281E83A0>
bf2a5ec1561a40848e953c2ae5a3faec.jpg,images/test_data_v2/bf2a5ec1561a40848e953c2ae5a3faec.jpg,<PIL.JpegImagePlugin.JpegImageFile image mode=RGB size=667x1000 at 0x7194281E84F0>
c75324532bfb4baa8f5f63c815165036.jpg,images/test_data_v2/c75324532bfb4baa8f5f63c815165036.jpg,<PIL.JpegImagePlugin.JpegImageFile image mode=RGB size=1000x667 at 0x7194281E8670>
52cb0e3118ad425c914875f3dbde1b81.jpg,images/test_data_v2/52cb0e3118ad425c914875f3dbde1b81.jpg,<PIL.JpegImagePlugin.JpegImageFile image mode=RGB size=1000x667 at 0x7194281E86D0>
7352a20e3bf7427c916244e9602efbd2.jpg,images/test_data_v2/7352a20e3bf7427c916244e9602efbd2.jpg,<PIL.PngImagePlugin.PngImageFile image mode=RGB size=1792x1024 at 0x7194281E8730>
1e4be131788d40f9b89ea96fbc66e781.jpg,images/test_data_v2/1e4be131788d40f9b89ea96fbc66e781.jpg,<PIL.PngImagePlugin.PngImageFile image mode=RGB size=1024x1792 at 0x7194281E87C0>
66b3ff51fbb5469e8071079ffd473d82.jpg,images/test_data_v2/66b3ff51fbb5469e8071079ffd473d82.jpg,<PIL.JpegImagePlugin.JpegImageFile image mode=RGB size=1000x667 at 0x7194281E8850>
8a0ec99d98f7497bae5b1f07c999731c.jpg,images/test_data_v2/8a0ec99d98f7497bae5b1f07c999731c.jpg,<PIL.PngImagePlugin.PngImageFile image mode=RGB size=1216x832 at 0x7194281E87F0>
f93f796de4524e76a4f20a7eaf0b555f.jpg,images/test_data_v2/f93f796de4524e76a4f20a7eaf0b555f.jpg,<PIL.PngImagePlugin.PngImageFile image mode=RGB size=768x512 at 0x7194281E8970>
411aba40d2e142e49149112f23786e66.jpg,images/test_data_v2/411aba40d2e142e49149112f23786e66.jpg,<PIL.PngImagePlugin.PngImageFile image mode=RGB size=768x512 at 0x7194281E88E0>
302e46ea0cf544dbab4bdb7e47c7c09f.jpg,images/test_data_v2/302e46ea0cf544dbab4bdb7e47c7c09f.jpg,<PIL.JpegImagePlugin.JpegImageFile image mode=RGB size=1000x628 at 0x7194281E89D0>
512453350fe742779278eeb7ac510836.jpg,images/test_data_v2/512453350fe742779278eeb7ac510836.jpg,<PIL.JpegImagePlugin.JpegImageFile image mode=RGB size=1000x751 at 0x7194281E8A90>
bda09afe9c9d4c7797fc6bd9e67a0fc3.jpg,images/test_data_v2/bda09afe9c9d4c7797fc6bd9e67a0fc3.jpg,<PIL.JpegImagePlugin.JpegImageFile image mode=RGB size=667x1000 at 0x7194281E8AC0>
51b95ac422cb489ab41525120e197ed8.jpg,images/test_data_v2/51b95ac422cb489ab41525120e197ed8.jpg,<PIL.JpegImagePlugin.JpegImageFile image mode=RGB size=1000x667 at 0x7194281E8B20>
d3204ecca70849c0af8b9e6942a99a56.jpg,images/test_data_v2/d3204ecca70849c0af8b9e6942a99a56.jpg,<PIL.JpegImagePlugin.JpegImageFile image mode=RGB size=768x480 at 0x7194281E8B80>
41a95aaaf7294723af1a1f2cde391591.jpg,images/test_data_v2/41a95aaaf7294723af1a1f2cde391591.jpg,<PIL.PngImagePlugin.PngImageFile image mode=RGB size=1344x896 at 0x7194281E8CD0>
c1ff5062e0184a638d6d7f2831d3213e.jpg,images/test_data_v2/c1ff5062e0184a638d6d7f2831d3213e.jpg,<PIL.JpegImagePlugin.JpegImageFile image mode=RGB size=768x512 at 0x7194281E8E80>
4d10393d5c51486982979efeec053878.jpg,images/test_data_v2/4d10393d5c51486982979efeec053878.jpg,<PIL.JpegImagePlugin.JpegImageFile image mode=RGB size=768x512 at 0x7194281E8EE0>
9bf5041d458648cbbd21b4817d08fab2.jpg,images/test_data_v2/9bf5041d458648cbbd21b4817d08fab2.jpg,<PIL.JpegImagePlugin.JpegImageFile image mode=RGB size=1000x667 at 0x7194281E8F10>
59eeba26c24e4b149d11ecda864931b5.jpg,images/test_data_v2/59eeba26c24e4b149d11ecda864931b5.jpg,<PIL.JpegImagePlugin.JpegImageFile image mode=RGB size=1000x667 at 0x7194281E8F70>
cc690934bd364bf184879b5404e4d429.jpg,images/test_data_v2/cc690934bd364bf184879b5404e4d429.jpg,<PIL.PngImagePlugin.PngImageFile image mode=RGB size=1792x1024 at 0x7194281E90C0>
8893911587ca4e9bb7e7cc40dfde68d7.jpg,images/test_data_v2/8893911587ca4e9bb7e7cc40dfde68d7.jpg,<PIL.JpegImagePlugin.JpegImageFile image mode=RGB size=1000x667 at 0x7194281E9480>
4494ca2cb14c41ebbd09426e6d1d19e2.jpg,images/test_data_v2/4494ca2cb14c41ebbd09426e6d1d19e2.jpg,<PIL.PngImagePlugin.PngImageFile image mode=RGB size=768x512 at 0x7194281E9300>
c555ed97901d4af0bcf038f9128542dc.jpg,images/test_data_v2/c555ed97901d4af0bcf038f9128542dc.jpg,<PIL.JpegImagePlugin.JpegImageFile image mode=RGB size=1000x667 at 0x7194281E9630>
b2ddeb0a726f49858a2c2b5b7e8d6fcf.jpg,images/test_data_v2/b2ddeb0a726f49858a2c2b5b7e8d6fcf.jpg,<PIL.PngImagePlugin.PngImageFile image mode=RGB size=896x1280 at 0x7194281E9810>
5cf66c87484a4affad4d51f80b204388.jpg,images/test_data_v2/5cf66c87484a4affad4d51f80b204388.jpg,<PIL.JpegImagePlugin.JpegImageFile image mode=RGB size=768x512 at 0x7194281E9900>
9810456ce4824459a285b96c173d6c5c.jpg,images/test_data_v2/9810456ce4824459a285b96c173d6c5c.jpg,<PIL.PngImagePlugin.PngImageFile image mode=RGB size=1344x896 at 0x7194281E9AE0>
a1d9488eab0c40d48df1f6167131ce34.jpg,images/test_data_v2/a1d9488eab0c40d48df1f6167131ce34.jpg,<PIL.JpegImagePlugin.JpegImageFile image mode=RGB size=1000x667 at 0x7194281E9B40>
bca40b55b5a340e382dc02d17f5c8f4c.jpg,images/test_data_v2/bca40b55b5a340e382dc02d17f5c8f4c.jpg,<PIL.PngImagePlugin.PngImageFile image mode=RGB size=1344x896 at 0x7194281E9BA0>
a7064902cf414d07bc8b588016a6dbf8.jpg,images/test_data_v2/a7064902cf414d07bc8b588016a6dbf8.jpg,<PIL.PngImagePlugin.PngImageFile image mode=RGB size=1280x896 at 0x7194281E9E10>
b6b69c9803d74e89b7474b49930f878e.jpg,images/test_data_v2/b6b69c9803d74e89b7474b49930f878e.jpg,<PIL.JpegImagePlugin.JpegImageFile image mode=RGB size=1000x667 at 0x7194281E9E70>
3d69d51f5c33422b8f3056e9f3b1cf8f.jpg,images/test_data_v2/3d69d51f5c33422b8f3056e9f3b1cf8f.jpg,<PIL.JpegImagePlugin.JpegImageFile image mode=L size=1000x667 at 0x7194281E9F00>
96ed3b2187a14880b2b98c019392fa5d.jpg,images/test_data_v2/96ed3b2187a14880b2b98c019392fa5d.jpg,<PIL.PngImagePlugin.PngImageFile image mode=RGB size=1792x1024 at 0x7194281EA020>
690f54217f1541c79675c485f9d111ee.jpg,images/test_data_v2/690f54217f1541c79675c485f9d111ee.jpg,<PIL.PngImagePlugin.PngImageFile image mode=RGB size=768x512 at 0x7194281EA200>
a1b65cab3cd04017855c3f3ff9b9f358.jpg,images/test_data_v2/a1b65cab3cd04017855c3f3ff9b9f358.jpg,<PIL.PngImagePlugin.PngImageFile image mode=RGB size=768x512 at 0x7194281EA230>
55f7bdd21e0b4bf6bd8cdfba2f38b269.jpg,images/test_data_v2/55f7bdd21e0b4bf6bd8cdfba2f38b269.jpg,<PIL.PngImagePlugin.PngImageFile image mode=RGB size=768x496 at 0x7194281EA290>
c0edfaa608254af4b07d653fbf064dc7.jpg,images/test_data_v2/c0edfaa608254af4b07d653fbf064dc7.jpg,<PIL.PngImagePlugin.PngImageFile image mode=RGB size=832x1216 at 0x7194281EA2C0>
46c6dc0299f945ff984868434b5f849e.jpg,images/test_data_v2/46c6dc0299f945ff984868434b5f849e.jpg,<PIL.PngImagePlugin.PngImageFile image mode=RGB size=1024x1792 at 0x7194281EA3E0>
5b43d80416794020bfc93eda9681f095.jpg,images/test_data_v2/5b43d80416794020bfc93eda9681f095.jpg,<PIL.JpegImagePlugin.JpegImageFile image mode=RGB size=768x512 at 0x7194281EA440>
0c01e7e96c574533a6a68af5868ca303.jpg,images/test_data_v2/0c01e7e96c574533a6a68af5868ca303.jpg,<PIL.JpegImagePlugin.JpegImageFile image mode=RGB size=1000x667 at 0x7194281EA320>
028f65fc3eea49629dd0fba2eaf118b0.jpg,images/test_data_v2/028f65fc3eea49629dd0fba2eaf118b0.jpg,<PIL.JpegImagePlugin.JpegImageFile image mode=RGB size=1000x667 at 0x7194281EA500>
5105110b84654ef99fb276d755c8a17c.jpg,images/test_data_v2/5105110b84654ef99fb276d755c8a17c.jpg,<PIL.PngImagePlugin.PngImageFile image mode=RGB size=1280x896 at 0x7194281EA650>
bcb9f673d04e4051a6ffcc43acd7facf.jpg,images/test_data_v2/bcb9f673d04e4051a6ffcc43acd7facf.jpg,<PIL.PngImagePlugin.PngImageFile image mode=RGB size=1344x896 at 0x7194281EA8C0>
8bc519ed38bc4353a05bfcb021afd0d0.jpg,images/test_data_v2/8bc519ed38bc4353a05bfcb021afd0d0.jpg,<PIL.PngImagePlugin.PngImageFile image mode=RGB size=1792x1024 at 0x7194281EAA70>
9879696972cd445b8fbd92a6768c1a62.jpg,images/test_data_v2/9879696972cd445b8fbd92a6768c1a62.jpg,<PIL.JpegImagePlugin.JpegImageFile image mode=RGB size=1000x914 at 0x7194281EAA10>
0484f985350643eca838361942c0a19b.jpg,images/test_data_v2/0484f985350643eca838361942c0a19b.jpg,<PIL.PngImagePlugin.PngImageFile image mode=RGB size=1792x1024 at 0x7194281EAAD0>
40ed3efaf01f41a79af8827db6b22e85.jpg,images/test_data_v2/40ed3efaf01f41a79af8827db6b22e85.jpg,<PIL.PngImagePlugin.PngImageFile image mode=RGB size=768x512 at 0x7194281EABF0>
d722d62a41884b4ea384d8be7336d5cb.jpg,images/test_data_v2/d722d62a41884b4ea384d8be7336d5cb.jpg,<PIL.PngImagePlugin.PngImageFile image mode=RGB size=896x1344 at 0x7194281EAC20>
f0e9a5b690334f3cab1c6e42c56ec395.jpg,images/test_data_v2/f0e9a5b690334f3cab1c6e42c56ec395.jpg,<PIL.JpegImagePlugin.JpegImageFile image mode=RGB size=1000x667 at 0x7194281EACB0>
d92c253e0c7a4506928048ee8b4a6fc9.jpg,images/test_data_v2/d92c253e0c7a4506928048ee8b4a6fc9.jpg,<PIL.JpegImagePlugin.JpegImageFile image mode=RGB size=1000x667 at 0x7194281EAD40>
49d3572f660049819bdadc81a4771d18.jpg,images/test_data_v2/49d3572f660049819bdadc81a4771d18.jpg,<PIL.JpegImagePlugin.JpegImageFile image mode=RGB size=1000x814 at 0x7194281EAD70>
2b2395f7dd1e47aaabfd38bdac6188c6.jpg,images/test_data_v2/2b2395f7dd1e47aaabfd38bdac6188c6.jpg,<PIL.PngImagePlugin.PngImageFile image mode=RGB size=1216x832 at 0x7194281EAEC0>
ce56820b02cf4e8a99d2a10f2b7554cf.jpg,images/test_data_v2/ce56820b02cf4e8a99d2a10f2b7554cf.jpg,<PIL.PngImagePlugin.PngImageFile image mode=RGB size=1792x1024 at 0x7194281EB2B0>
949e8f9963cf4e458fb88322d3ca89a0.jpg,images/test_data_v2/949e8f9963cf4e458fb88322d3ca89a0.jpg,<PIL.PngImagePlugin.PngImageFile image mode=RGB size=1216x832 at 0x7194281EB310>
04d2ff1ed00e4fb784a4cb5470647e6d.jpg,images/test_data_v2/04d2ff1ed00e4fb784a4cb5470647e6d.jpg,<PIL.PngImagePlugin.PngImageFile image mode=RGB size=1344x896 at 0x7194281EB3D0>
5fc803f234794c99b7fa872f82a200fa.jpg,images/test_data_v2/5fc803f234794c99b7fa872f82a200fa.jpg,<PIL.JpegImagePlugin.JpegImageFile image mode=RGB size=1000x1000 at 0x7194281EB430>
c1473ea68613491a9e308a0d947a2379.jpg,images/test_data_v2/c1473ea68613491a9e308a0d947a2379.jpg,<PIL.PngImagePlugin.PngImageFile image mode=RGB size=1216x832 at 0x7194281EB490>
7fec46ef42634bc3827a32571b4d2b80.jpg,images/test_data_v2/7fec46ef42634bc3827a32571b4d2b80.jpg,<PIL.JpegImagePlugin.JpegImageFile image mode=RGB size=1000x973 at 0x7194281EB520>
c28a3fdfb25c47718c584f8dd22ae49b.jpg,images/test_data_v2/c28a3fdfb25c47718c584f8dd22ae49b.jpg,<PIL.JpegImagePlugin.JpegImageFile image mode=RGB size=1000x527 at 0x7194281EB550>
d0fa72a63a6548ca8ef6a9cb2afc6f28.jpg,images/test_data_v2/d0fa72a63a6548ca8ef6a9cb2afc6f28.jpg,<PIL.PngImagePlugin.PngImageFile image mode=RGB size=768x448 at 0x7194281EB5B0>
fd34822d42d24dbcad2b899e493872b7.jpg,images/test_data_v2/fd34822d42d24dbcad2b899e493872b7.jpg,<PIL.JpegImagePlugin.JpegImageFile image mode=RGB size=768x512 at 0x7194281EB6D0>
e1f0714c2a774e2094fa8346a252bc7d.jpg,images/test_data_v2/e1f0714c2a774e2094fa8346a252bc7d.jpg,<PIL.JpegImagePlugin.JpegImageFile image mode=RGB size=1000x667 at 0x7194281EB8E0>
a8267b58728e49e2a05dea3d09f5e1fc.jpg,images/test_data_v2/a8267b58728e49e2a05dea3d09f5e1fc.jpg,<PIL.PngImagePlugin.PngImageFile image mode=RGB size=1792x1024 at 0x7194281EB910>
91ec3352c99143b1b1a7665e5559c20f.jpg,images/test_data_v2/91ec3352c99143b1b1a7665e5559c20f.jpg,<PIL.PngImagePlugin.PngImageFile image mode=RGB size=1216x832 at 0x7194281EBB80>
25d2ff16835340f0b1518fd6e453dc78.jpg,images/test_data_v2/25d2ff16835340f0b1518fd6e453dc78.jpg,<PIL.JpegImagePlugin.JpegImageFile image mode=RGB size=1000x784 at 0x7194281EBC70>
5a624491f860449d9c8e4499079e2667.jpg,images/test_data_v2/5a624491f860449d9c8e4499079e2667.jpg,<PIL.PngImagePlugin.PngImageFile image mode=RGB size=1280x896 at 0x7194281EBCA0>
b53c003a81ac49b7be9439e563d0c813.jpg,images/test_data_v2/b53c003a81ac49b7be9439e563d0c813.jpg,<PIL.PngImagePlugin.PngImageFile image mode=RGB size=1344x896 at 0x7194281EBCD0>
0ca01f063e82424daa27837b469f32ce.jpg,images/test_data_v2/0ca01f063e82424daa27837b469f32ce.jpg,<PIL.JpegImagePlugin.JpegImageFile image mode=RGB size=768x512 at 0x7194281EBD60>
ce5a2b1a2ab14df683a684d57240f14f.jpg,images/test_data_v2/ce5a2b1a2ab14df683a684d57240f14f.jpg,<PIL.JpegImagePlugin.JpegImageFile image mode=RGB size=668x1000 at 0x7194281EBDF0>
6f48e87989454a1a843c8dedb25c2b87.jpg,images/test_data_v2/6f48e87989454a1a843c8dedb25c2b87.jpg,<PIL.JpegImagePlugin.JpegImageFile image mode=RGB size=667x1000 at 0x7194281EBE20>
c3908a7c43c2449996660afe9ddf70b4.jpg,images/test_data_v2/c3908a7c43c2449996660afe9ddf70b4.jpg,<PIL.JpegImagePlugin.JpegImageFile image mode=RGB size=665x1000 at 0x7194281EBF70>
947a136216ca4c47aaa64535cccbca44.jpg,images/test_data_v2/947a136216ca4c47aaa64535cccbca44.jpg,<PIL.PngImagePlugin.PngImageFile image mode=RGB size=1280x896 at 0x719428034220>
4d4575833154490196a0a6f0a487d930.jpg,images/test_data_v2/4d4575833154490196a0a6f0a487d930.jpg,<PIL.JpegImagePlugin.JpegImageFile image mode=RGB size=667x1000 at 0x719428034370>
6f8233d9371647d0b752ba8ae48c5ee7.jpg,images/test_data_v2/6f8233d9371647d0b752ba8ae48c5ee7.jpg,<PIL.JpegImagePlugin.JpegImageFile image mode=RGB size=768x448 at 0x719428034460>
ab10234948d340fc813d34e3f0d7acba.jpg,images/test_data_v2/ab10234948d340fc813d34e3f0d7acba.jpg,<PIL.PngImagePlugin.PngImageFile image mode=RGB size=896x1280 at 0x719428034490>
c75e83cab94241dd90868c7cffdb6c44.jpg,images/test_data_v2/c75e83cab94241dd90868c7cffdb6c44.jpg,<PIL.PngImagePlugin.PngImageFile image mode=RGB size=896x1280 at 0x7194280344C0>
d687da2841384dc3b26a07a45467fc22.jpg,images/test_data_v2/d687da2841384dc3b26a07a45467fc22.jpg,<PIL.JpegImagePlugin.JpegImageFile image mode=RGB size=1000x667 at 0x719428034520>
15f36334623246cca3ba45aa616b9e2e.jpg,images/test_data_v2/15f36334623246cca3ba45aa616b9e2e.jpg,<PIL.JpegImagePlugin.JpegImageFile image mode=RGB size=1000x667 at 0x7194280345E0>
9ddb59b7009d46d1859d792b0c7204b4.jpg,images/test_data_v2/9ddb59b7009d46d1859d792b0c7204b4.jpg,<PIL.JpegImagePlugin.JpegImageFile image mode=RGB size=1000x667 at 0x719428034700>
9c190a47b21447e2b68ded0decf981c2.jpg,images/test_data_v2/9c190a47b21447e2b68ded0decf981c2.jpg,<PIL.JpegImagePlugin.JpegImageFile image mode=RGB size=1000x1000 at 0x719428034970>
121f9a5f370c45f690f72016bc57c71a.jpg,images/test_data_v2/121f9a5f370c45f690f72016bc57c71a.jpg,<PIL.JpegImagePlugin.JpegImageFile image mode=RGB size=1000x856 at 0x719428034BE0>
8facbfdc384f4e05bae35fa932c7d7ec.jpg,images/test_data_v2/8facbfdc384f4e05bae35fa932c7d7ec.jpg,<PIL.PngImagePlugin.PngImageFile image mode=RGB size=1216x832 at 0x719428034D90>
128c2bb5e1fa46bd8e8f962f66a9fc96.jpg,images/test_data_v2/128c2bb5e1fa46bd8e8f962f66a9fc96.jpg,<PIL.PngImagePlugin.PngImageFile image mode=RGB size=1792x1024 at 0x719428034E50>
51095274666043ad97660047836a044f.jpg,images/test_data_v2/51095274666043ad97660047836a044f.jpg,<PIL.JpegImagePlugin.JpegImageFile image mode=RGB size=1000x667 at 0x719428034EB0>
ab9cde4f3473475a858981be7fe6d8bb.jpg,images/test_data_v2/ab9cde4f3473475a858981be7fe6d8bb.jpg,<PIL.JpegImagePlugin.JpegImageFile image mode=RGB size=1000x667 at 0x719428034DC0>
9724ec762f514d9e9815c1e4fd4fc6fb.jpg,images/test_data_v2/9724ec762f514d9e9815c1e4fd4fc6fb.jpg,<PIL.JpegImagePlugin.JpegImageFile image mode=RGB size=1000x667 at 0x719428035060>
f22972e7495c42f9adfabcae1acf90aa.jpg,images/test_data_v2/f22972e7495c42f9adfabcae1acf90aa.jpg,<PIL.JpegImagePlugin.JpegImageFile image mode=RGB size=667x1000 at 0x7194280351E0>
c07e66cb7a23408892abe880a382540a.jpg,images/test_data_v2/c07e66cb7a23408892abe880a382540a.jpg,<PIL.JpegImagePlugin.JpegImageFile image mode=RGB size=768x512 at 0x719428035330>
016bb75e67754b9b9032042ff5aa0138.jpg,images/test_data_v2/016bb75e67754b9b9032042ff5aa0138.jpg,<PIL.PngImagePlugin.PngImageFile image mode=RGB size=1216x832 at 0x7194280354B0>
c5b8f6caef894e07b07f42a1e920e9ca.jpg,images/test_data_v2/c5b8f6caef894e07b07f42a1e920e9ca.jpg,<PIL.JpegImagePlugin.JpegImageFile image mode=RGB size=1000x268 at 0x719428035570>
26812827694249f2842f7c1d13949a32.jpg,images/test_data_v2/26812827694249f2842f7c1d13949a32.jpg,<PIL.PngImagePlugin.PngImageFile image mode=RGB size=1024x1792 at 0x7194280355A0>
83275744392c475398cc6692d004965d.jpg,images/test_data_v2/83275744392c475398cc6692d004965d.jpg,<PIL.JpegImagePlugin.JpegImageFile image mode=RGB size=1000x538 at 0x719428035630>
2fb38e5f8b5745bc96353aae7b85ce0f.jpg,images/test_data_v2/2fb38e5f8b5745bc96353aae7b85ce0f.jpg,<PIL.JpegImagePlugin.JpegImageFile image mode=RGB size=1000x667 at 0x7194280355D0>
bab7adb3878c41cb85cf0ff6b0f42518.jpg,images/test_data_v2/bab7adb3878c41cb85cf0ff6b0f42518.jpg,<PIL.JpegImagePlugin.JpegImageFile image mode=RGB size=1000x667 at 0x7194280356F0>
b0fee02249b64f82bc5c2f358caa72a6.jpg,images/test_data_v2/b0fee02249b64f82bc5c2f358caa72a6.jpg,<PIL.JpegImagePlugin.JpegImageFile image mode=RGB size=1000x500 at 0x719428035840>
8865e5e1fd574dad9c3503ed4df92d29.jpg,images/test_data_v2/8865e5e1fd574dad9c3503ed4df92d29.jpg,<PIL.JpegImagePlugin.JpegImageFile image mode=RGB size=1000x667 at 0x7194280359C0>
103ffbc305cc465c8edb249730202e5d.jpg,images/test_data_v2/103ffbc305cc465c8edb249730202e5d.jpg,<PIL.PngImagePlugin.PngImageFile image mode=RGB size=1792x1024 at 0x719428035B10>
8d46d440b3ac43c1bc010874d7c943a9.jpg,images/test_data_v2/8d46d440b3ac43c1bc010874d7c943a9.jpg,<PIL.JpegImagePlugin.JpegImageFile image mode=RGB size=1000x667 at 0x719428035CC0>
ff0a798792b0455dba39d7045a7bc5dd.jpg,images/test_data_v2/ff0a798792b0455dba39d7045a7bc5dd.jpg,<PIL.PngImagePlugin.PngImageFile image mode=RGB size=1216x832 at 0x719428035C30>
58e8b4f2a8f04f24b9ce3bfc075ef54e.jpg,images/test_data_v2/58e8b4f2a8f04f24b9ce3bfc075ef54e.jpg,<PIL.JpegImagePlugin.JpegImageFile image mode=RGB size=1000x667 at 0x719428035DE0>
2551f0774e2f4258b0599c5c1000a1b1.jpg,images/test_data_v2/2551f0774e2f4258b0599c5c1000a1b1.jpg,<PIL.JpegImagePlugin.JpegImageFile image mode=RGB size=1000x667 at 0x719428035E10>
10cfb48f4b3a4c5e84f96f9fb937f79e.jpg,images/test_data_v2/10cfb48f4b3a4c5e84f96f9fb937f79e.jpg,<PIL.JpegImagePlugin.JpegImageFile image mode=RGB size=512x768 at 0x719428035E70>
56a5f67857b54b9696e06ff955f3b110.jpg,images/test_data_v2/56a5f67857b54b9696e06ff955f3b110.jpg,<PIL.PngImagePlugin.PngImageFile image mode=RGB size=1344x896 at 0x719428035FC0>
8f5b831adf9d41529c8baf27cc778044.jpg,images/test_data_v2/8f5b831adf9d41529c8baf27cc778044.jpg,<PIL.JpegImagePlugin.JpegImageFile image mode=RGB size=1000x639 at 0x719428036170>
10b58d4d87304a13974e0eb155c9ba11.jpg,images/test_data_v2/10b58d4d87304a13974e0eb155c9ba11.jpg,<PIL.JpegImagePlugin.JpegImageFile image mode=RGB size=768x480 at 0x7194280361D0>
013d0b77659045f683edac8ec2cc1a1b.jpg,images/test_data_v2/013d0b77659045f683edac8ec2cc1a1b.jpg,<PIL.JpegImagePlugin.JpegImageFile image mode=RGB size=1000x667 at 0x7194280362F0>
2ad0d586d3da48b5a89adbe396ebfaf6.jpg,images/test_data_v2/2ad0d586d3da48b5a89adbe396ebfaf6.jpg,<PIL.PngImagePlugin.PngImageFile image mode=RGB size=1792x1024 at 0x719428036470>
407cebcaa8e64465a45e69ae18e06f00.jpg,images/test_data_v2/407cebcaa8e64465a45e69ae18e06f00.jpg,<PIL.PngImagePlugin.PngImageFile image mode=RGB size=1216x832 at 0x719428036500>
5dc4fbacf846422bbe1ebcbb0ff19150.jpg,images/test_data_v2/5dc4fbacf846422bbe1ebcbb0ff19150.jpg,<PIL.PngImagePlugin.PngImageFile image mode=RGB size=512x768 at 0x7194280365C0>
bd75e4482c9b4fe18e6fde8061567fdf.jpg,images/test_data_v2/bd75e4482c9b4fe18e6fde8061567fdf.jpg,<PIL.JpegImagePlugin.JpegImageFile image mode=RGB size=1000x692 at 0x719428036530>
f2e13f4d204148ed99770fb8ba71927d.jpg,images/test_data_v2/f2e13f4d204148ed99770fb8ba71927d.jpg,<PIL.JpegImagePlugin.JpegImageFile image mode=RGB size=768x512 at 0x719428036680>
bfbc163c69d544f289ee011813dda777.jpg,images/test_data_v2/bfbc163c69d544f289ee011813dda777.jpg,<PIL.JpegImagePlugin.JpegImageFile image mode=RGB size=1000x667 at 0x7194280367A0>
80ee7dc2adb1429ea0b8b737229941ab.jpg,images/test_data_v2/80ee7dc2adb1429ea0b8b737229941ab.jpg,<PIL.JpegImagePlugin.JpegImageFile image mode=RGB size=1000x668 at 0x719428036950>
ad6c9e5ef7d0445fa3fc691c0e8b995b.jpg,images/test_data_v2/ad6c9e5ef7d0445fa3fc691c0e8b995b.jpg,<PIL.JpegImagePlugin.JpegImageFile image mode=RGB size=768x288 at 0x719428036AA0>
76357779ff104b2f999faad2cfdde8e9.jpg,images/test_data_v2/76357779ff104b2f999faad2cfdde8e9.jpg,<PIL.PngImagePlugin.PngImageFile image mode=RGB size=1344x896 at 0x719428036D40>
98e55dfbfcec48bda1507e7b84ba7846.jpg,images/test_data_v2/98e55dfbfcec48bda1507e7b84ba7846.jpg,<PIL.PngImagePlugin.PngImageFile image mode=RGB size=896x1280 at 0x719428036EF0>
a9a80d68865441dd9948933a3faa7fdb.jpg,images/test_data_v2/a9a80d68865441dd9948933a3faa7fdb.jpg,<PIL.PngImagePlugin.PngImageFile image mode=RGB size=1216x832 at 0x719428036F20>
842b401ed28747a8a961cfff186520c5.jpg,images/test_data_v2/842b401ed28747a8a961cfff186520c5.jpg,<PIL.JpegImagePlugin.JpegImageFile image mode=RGB size=1000x667 at 0x719428036FE0>
e6afaef7255749fb9104647b0245b063.jpg,images/test_data_v2/e6afaef7255749fb9104647b0245b063.jpg,<PIL.PngImagePlugin.PngImageFile image mode=RGB size=1792x1024 at 0x719428037010>
b92740f87ed74087b05fd8080ef955fa.jpg,images/test_data_v2/b92740f87ed74087b05fd8080ef955fa.jpg,<PIL.PngImagePlugin.PngImageFile image mode=RGB size=768x512 at 0x7194280370A0>
226844045f154cdcb5a53191df72e6c9.jpg,images/test_data_v2/226844045f154cdcb5a53191df72e6c9.jpg,<PIL.JpegImagePlugin.JpegImageFile image mode=RGB size=667x1000 at 0x7194280370D0>
b2920b2f645a41fd9cc8f1b251f17eeb.jpg,images/test_data_v2/b2920b2f645a41fd9cc8f1b251f17eeb.jpg,<PIL.PngImagePlugin.PngImageFile image mode=RGB size=1024x1024 at 0x719428037190>
c5f120b88fd54167bb879c924947e63c.jpg,images/test_data_v2/c5f120b88fd54167bb879c924947e63c.jpg,<PIL.PngImagePlugin.PngImageFile image mode=RGB size=832x1216 at 0x719428037400>
63d157ee601f4c3ba8769caf331e9a20.jpg,images/test_data_v2/63d157ee601f4c3ba8769caf331e9a20.jpg,<PIL.JpegImagePlugin.JpegImageFile image mode=RGB size=1000x667 at 0x7194280374C0>
e08cfed796bc4f829c59fd6103e4df05.jpg,images/test_data_v2/e08cfed796bc4f829c59fd6103e4df05.jpg,<PIL.PngImagePlugin.PngImageFile image mode=RGB size=1280x896 at 0x7194280374F0>
e1c1b1c788d9444b8a80ce728968bb67.jpg,images/test_data_v2/e1c1b1c788d9444b8a80ce728968bb67.jpg,<PIL.JpegImagePlugin.JpegImageFile image mode=RGB size=1000x666 at 0x719428037610>
03383f1243c541c7b2fffe2b39bbd538.jpg,images/test_data_v2/03383f1243c541c7b2fffe2b39bbd538.jpg,<PIL.PngImagePlugin.PngImageFile image mode=RGB size=1792x1024 at 0x719428037820>
57d76e0415e849438505de4a5b4e65fe.jpg,images/test_data_v2/57d76e0415e849438505de4a5b4e65fe.jpg,<PIL.PngImagePlugin.PngImageFile image mode=RGB size=1216x832 at 0x719428037A60>
3ff77556b0154c7698445db30f943484.jpg,images/test_data_v2/3ff77556b0154c7698445db30f943484.jpg,<PIL.JpegImagePlugin.JpegImageFile image mode=RGB size=667x1000 at 0x719428037B50>
439218e3f3bb4541b6eb907e7cbba5cd.jpg,images/test_data_v2/439218e3f3bb4541b6eb907e7cbba5cd.jpg,<PIL.JpegImagePlugin.JpegImageFile image mode=RGB size=1000x563 at 0x719428037B80>
34ce21cf52cb49ba8aea897fd612867c.jpg,images/test_data_v2/34ce21cf52cb49ba8aea897fd612867c.jpg,<PIL.JpegImagePlugin.JpegImageFile image mode=RGB size=1000x667 at 0x719428037CD0>
6dbf5831978a4244aae250c0e115c88a.jpg,images/test_data_v2/6dbf5831978a4244aae250c0e115c88a.jpg,<PIL.JpegImagePlugin.JpegImageFile image mode=RGB size=1000x751 at 0x719428037F40>
e91960935e904ea88998cb15d5f5535a.jpg,images/test_data_v2/e91960935e904ea88998cb15d5f5535a.jpg,<PIL.JpegImagePlugin.JpegImageFile image mode=RGB size=1000x667 at 0x719428078160>
63ca1accbc7b4762bcc11bccb9c857a2.jpg,images/test_data_v2/63ca1accbc7b4762bcc11bccb9c857a2.jpg,<PIL.PngImagePlugin.PngImageFile image mode=RGB size=1792x1024 at 0x7194280782B0>
4940df21647a43e9bfe275bc9ef0f364.jpg,images/test_data_v2/4940df21647a43e9bfe275bc9ef0f364.jpg,<PIL.JpegImagePlugin.JpegImageFile image mode=RGB size=1000x632 at 0x719428078640>
73864c563c064a4ea3703b07353ca4f3.jpg,images/test_data_v2/73864c563c064a4ea3703b07353ca4f3.jpg,<PIL.JpegImagePlugin.JpegImageFile image mode=RGB size=1000x667 at 0x7194280784F0>
1b6c1724d6a142358a21cf171056d881.jpg,images/test_data_v2/1b6c1724d6a142358a21cf171056d881.jpg,<PIL.JpegImagePlugin.JpegImageFile image mode=RGB size=1000x667 at 0x719428078730>
fed5022481ac4143818823786285669a.jpg,images/test_data_v2/fed5022481ac4143818823786285669a.jpg,<PIL.PngImagePlugin.PngImageFile image mode=RGB size=1280x896 at 0x719428078880>
720348cdc9e042a286dd59a19715fc7e.jpg,images/test_data_v2/720348cdc9e042a286dd59a19715fc7e.jpg,<PIL.JpegImagePlugin.JpegImageFile image mode=RGB size=1000x668 at 0x7194280789A0>
8c7516f0cba84126b4a52ed8f765200c.jpg,images/test_data_v2/8c7516f0cba84126b4a52ed8f765200c.jpg,<PIL.JpegImagePlugin.JpegImageFile image mode=RGB size=1000x666 at 0x719428078A90>
d9b20db8f440496a8a26d6593b26bf34.jpg,images/test_data_v2/d9b20db8f440496a8a26d6593b26bf34.jpg,<PIL.JpegImagePlugin.JpegImageFile image mode=RGB size=707x1000 at 0x719428078AC0>
eda86974290849e1a456fbf7dffc32ff.jpg,images/test_data_v2/eda86974290849e1a456fbf7dffc32ff.jpg,<PIL.PngImagePlugin.PngImageFile image mode=RGB size=1344x896 at 0x719428078B20>
d4f09e4231b74eb6bf4e235c8b1078ef.jpg,images/test_data_v2/d4f09e4231b74eb6bf4e235c8b1078ef.jpg,<PIL.PngImagePlugin.PngImageFile image mode=RGB size=1456x816 at 0x719428078BB0>
d72eb468c5304acf85283299906a5a83.jpg,images/test_data_v2/d72eb468c5304acf85283299906a5a83.jpg,<PIL.JpegImagePlugin.JpegImageFile image mode=RGB size=660x1000 at 0x719428078B50>
6d70d907223243e3ab980851f40dd875.jpg,images/test_data_v2/6d70d907223243e3ab980851f40dd875.jpg,<PIL.JpegImagePlugin.JpegImageFile image mode=RGB size=1000x667 at 0x719428078C70>
a98d8ff2747946a980bcccebd7612552.jpg,images/test_data_v2/a98d8ff2747946a980bcccebd7612552.jpg,<PIL.PngImagePlugin.PngImageFile image mode=RGB size=1024x1024 at 0x719428078CA0>
61f971f2c09e4402987106585c0d705e.jpg,images/test_data_v2/61f971f2c09e4402987106585c0d705e.jpg,<PIL.JpegImagePlugin.JpegImageFile image mode=RGB size=666x1000 at 0x719428078F40>
0b0b5a40831f43328b134b954f296806.jpg,images/test_data_v2/0b0b5a40831f43328b134b954f296806.jpg,<PIL.PngImagePlugin.PngImageFile image mode=RGB size=1216x832 at 0x719428078DC0>
b26a629889d14f0ba22b5912186bd0de.jpg,images/test_data_v2/b26a629889d14f0ba22b5912186bd0de.jpg,<PIL.JpegImagePlugin.JpegImageFile image mode=RGB size=1000x929 at 0x719428079090>
c0be032dcd604da6b97d024c812bd599.jpg,images/test_data_v2/c0be032dcd604da6b97d024c812bd599.jpg,<PIL.PngImagePlugin.PngImageFile image mode=RGB size=1024x1792 at 0x7194280790C0>
62f2574c33a4473fb24a4a9479438c92.jpg,images/test_data_v2/62f2574c33a4473fb24a4a9479438c92.jpg,<PIL.PngImagePlugin.PngImageFile image mode=RGB size=1344x896 at 0x719428079330>
dc3f28c2c6fb4d3198dc09987214efb6.jpg,images/test_data_v2/dc3f28c2c6fb4d3198dc09987214efb6.jpg,<PIL.JpegImagePlugin.JpegImageFile image mode=RGB size=1000x667 at 0x7194280793F0>
ca684d357ffb4205b85824fc205bb976.jpg,images/test_data_v2/ca684d357ffb4205b85824fc205bb976.jpg,<PIL.JpegImagePlugin.JpegImageFile image mode=RGB size=1000x667 at 0x719428079450>
0957af5daa16450d8c963c8f138dcd9b.jpg,images/test_data_v2/0957af5daa16450d8c963c8f138dcd9b.jpg,<PIL.PngImagePlugin.PngImageFile image mode=RGB size=1280x896 at 0x719428079480>
97220714b0cb47a1824fa31ee705a717.jpg,images/test_data_v2/97220714b0cb47a1824fa31ee705a717.jpg,<PIL.JpegImagePlugin.JpegImageFile image mode=L size=1000x667 at 0x7194280794B0>
d5e32a2343aa495e90bb7b0d88c23fe1.jpg,images/test_data_v2/d5e32a2343aa495e90bb7b0d88c23fe1.jpg,<PIL.JpegImagePlugin.JpegImageFile image mode=RGB size=1000x667 at 0x719428079570>
c1dfed4c9d80446d8e4bba3e80272612.jpg,images/test_data_v2/c1dfed4c9d80446d8e4bba3e80272612.jpg,<PIL.JpegImagePlugin.JpegImageFile image mode=RGB size=1000x667 at 0x7194280795A0>
f8ef3f7c593d4f5593648c070ea97b0e.jpg,images/test_data_v2/f8ef3f7c593d4f5593648c070ea97b0e.jpg,<PIL.PngImagePlugin.PngImageFile image mode=RGB size=1792x1024 at 0x719428079600>
efe67716a97a48e7bcfba97c3367ab58.jpg,images/test_data_v2/efe67716a97a48e7bcfba97c3367ab58.jpg,<PIL.PngImagePlugin.PngImageFile image mode=RGB size=896x1088 at 0x719428079690>
f3e61c2b9bdb4f1b9d8f30e888785568.jpg,images/test_data_v2/f3e61c2b9bdb4f1b9d8f30e888785568.jpg,<PIL.JpegImagePlugin.JpegImageFile image mode=RGB size=1000x667 at 0x719428079750>
7523b041e40d460ea838d8856c7e4313.jpg,images/test_data_v2/7523b041e40d460ea838d8856c7e4313.jpg,<PIL.JpegImagePlugin.JpegImageFile image mode=RGB size=1000x667 at 0x719428079780>
a2cedc40097c47eea5bf2975d5f8b2ff.jpg,images/test_data_v2/a2cedc40097c47eea5bf2975d5f8b2ff.jpg,<PIL.JpegImagePlugin.JpegImageFile image mode=RGB size=1000x783 at 0x7194280798D0>
186b3f528c504e34b134c87b653d4372.jpg,images/test_data_v2/186b3f528c504e34b134c87b653d4372.jpg,<PIL.JpegImagePlugin.JpegImageFile image mode=RGB size=1000x667 at 0x719428079A80>
0f7bb348f61547848a114375e844c3d7.jpg,images/test_data_v2/0f7bb348f61547848a114375e844c3d7.jpg,<PIL.PngImagePlugin.PngImageFile image mode=RGB size=1792x1024 at 0x719428079BD0>
06909c7482104ef9b6c96adad09458ad.jpg,images/test_data_v2/06909c7482104ef9b6c96adad09458ad.jpg,<PIL.PngImagePlugin.PngImageFile image mode=RGB size=768x512 at 0x719428079D80>
7a1f47518dd244d79e4b9f898a634ca8.jpg,images/test_data_v2/7a1f47518dd244d79e4b9f898a634ca8.jpg,<PIL.PngImagePlugin.PngImageFile image mode=RGB size=768x480 at 0x719428079DB0>
601c3d4f040a4abb91739a8e1f0887ee.jpg,images/test_data_v2/601c3d4f040a4abb91739a8e1f0887ee.jpg,<PIL.PngImagePlugin.PngImageFile image mode=RGB size=1280x896 at 0x719428079E10>
e4ea4048eb11428284dd1b32faf465e2.jpg,images/test_data_v2/e4ea4048eb11428284dd1b32faf465e2.jpg,<PIL.JpegImagePlugin.JpegImageFile image mode=RGB size=1000x667 at 0x719428079E40>
f7b614aa24554facb904efd42ade5d5f.jpg,images/test_data_v2/f7b614aa24554facb904efd42ade5d5f.jpg,<PIL.JpegImagePlugin.JpegImageFile image mode=RGB size=750x1000 at 0x719428079F30>
53abe9ec3e69411b86a99d966d638b64.jpg,images/test_data_v2/53abe9ec3e69411b86a99d966d638b64.jpg,<PIL.JpegImagePlugin.JpegImageFile image mode=RGB size=1000x667 at 0x71942807A050>
be39dac395b149a78667a86401830b2f.jpg,images/test_data_v2/be39dac395b149a78667a86401830b2f.jpg,<PIL.JpegImagePlugin.JpegImageFile image mode=RGB size=1000x666 at 0x71942807A1D0>
0c5baf70aa554b23946f98fb975022de.jpg,images/test_data_v2/0c5baf70aa554b23946f98fb975022de.jpg,<PIL.JpegImagePlugin.JpegImageFile image mode=RGB size=1000x667 at 0x71942807A320>
9acdf47751a44f1ea50efef7de157613.jpg,images/test_data_v2/9acdf47751a44f1ea50efef7de157613.jpg,<PIL.JpegImagePlugin.JpegImageFile image mode=RGB size=1000x668 at 0x71942807A5C0>
d2a9d3894d0341339a3cbcd39b16e25d.jpg,images/test_data_v2/d2a9d3894d0341339a3cbcd39b16e25d.jpg,<PIL.JpegImagePlugin.JpegImageFile image mode=RGB size=1000x667 at 0x71942807A830>
4115f5e0ebab484ab88520a80ebcc71f.jpg,images/test_data_v2/4115f5e0ebab484ab88520a80ebcc71f.jpg,<PIL.JpegImagePlugin.JpegImageFile image mode=RGB size=1000x681 at 0x71942807AAA0>
78efb9c0279d456bab0fc19496c4b79f.jpg,images/test_data_v2/78efb9c0279d456bab0fc19496c4b79f.jpg,<PIL.JpegImagePlugin.JpegImageFile image mode=RGB size=1000x550 at 0x71942807AD10>
5a023f97114c464cb98b315e263834b3.jpg,images/test_data_v2/5a023f97114c464cb98b315e263834b3.jpg,<PIL.JpegImagePlugin.JpegImageFile image mode=RGB size=1000x668 at 0x71942807AE90>
132c58485ab94836b68b1232c1aa0881.jpg,images/test_data_v2/132c58485ab94836b68b1232c1aa0881.jpg,<PIL.JpegImagePlugin.JpegImageFile image mode=RGB size=667x1000 at 0x71942807AFE0>
30cf1f22579a439cac49693c5e4c1bb4.jpg,images/test_data_v2/30cf1f22579a439cac49693c5e4c1bb4.jpg,<PIL.JpegImagePlugin.JpegImageFile image mode=RGB size=698x1000 at 0x71942807B190>
fad663ac58f04f838b9b1773b73b58f2.jpg,images/test_data_v2/fad663ac58f04f838b9b1773b73b58f2.jpg,<PIL.JpegImagePlugin.JpegImageFile image mode=RGB size=1000x667 at 0x71942807B1F0>
e2066081355c404ca7ce383d7393e259.jpg,images/test_data_v2/e2066081355c404ca7ce383d7393e259.jpg,<PIL.JpegImagePlugin.JpegImageFile image mode=RGB size=1000x667 at 0x71942807B340>
9eede7b26bd14ce791c645164f93008b.jpg,images/test_data_v2/9eede7b26bd14ce791c645164f93008b.jpg,<PIL.PngImagePlugin.PngImageFile image mode=RGB size=1344x896 at 0x71942807B4C0>
fcecda40c45a43a2a2ccfb5a509807c0.jpg,images/test_data_v2/fcecda40c45a43a2a2ccfb5a509807c0.jpg,<PIL.JpegImagePlugin.JpegImageFile image mode=RGB size=1000x667 at 0x71942807B550>
7fa212be0f5f4870a643e607d1f616f6.jpg,images/test_data_v2/7fa212be0f5f4870a643e607d1f616f6.jpg,<PIL.JpegImagePlugin.JpegImageFile image mode=RGB size=1000x668 at 0x71942807B5B0>
7eea56125288494296e9d8d685d7b6b2.jpg,images/test_data_v2/7eea56125288494296e9d8d685d7b6b2.jpg,<PIL.PngImagePlugin.PngImageFile image mode=RGB size=768x512 at 0x71942807B6D0>
3c924ca962034c789396706d40ec8878.jpg,images/test_data_v2/3c924ca962034c789396706d40ec8878.jpg,<PIL.JpegImagePlugin.JpegImageFile image mode=RGB size=1000x889 at 0x71942807B7F0>
18d5c38343a0479897c4d51b785456c1.jpg,images/test_data_v2/18d5c38343a0479897c4d51b785456c1.jpg,<PIL.PngImagePlugin.PngImageFile image mode=RGB size=1344x896 at 0x71942807B8E0>
791028ab939243808c031cd53807af4e.jpg,images/test_data_v2/791028ab939243808c031cd53807af4e.jpg,<PIL.PngImagePlugin.PngImageFile image mode=RGB size=896x1280 at 0x71942807BB20>
dcf651a0ef544455914e23d2bb6197ca.jpg,images/test_data_v2/dcf651a0ef544455914e23d2bb6197ca.jpg,<PIL.PngImagePlugin.PngImageFile image mode=RGB size=1344x896 at 0x71942807BB80>
5b1bd14e04204506b784f9b4e652f66d.jpg,images/test_data_v2/5b1bd14e04204506b784f9b4e652f66d.jpg,<PIL.JpegImagePlugin.JpegImageFile image mode=RGB size=768x512 at 0x71942807BBE0>
dca133e6cc254927941e264e3a1bfba9.jpg,images/test_data_v2/dca133e6cc254927941e264e3a1bfba9.jpg,<PIL.JpegImagePlugin.JpegImageFile image mode=RGB size=1000x667 at 0x71942807BC70>
fee9065548744fb48aca4b61b31eb2b0.jpg,images/test_data_v2/fee9065548744fb48aca4b61b31eb2b0.jpg,<PIL.JpegImagePlugin.JpegImageFile image mode=RGB size=1000x667 at 0x71942807BCA0>
6ba58de8f29f45cf836f3134f9f97c7c.jpg,images/test_data_v2/6ba58de8f29f45cf836f3134f9f97c7c.jpg,<PIL.PngImagePlugin.PngImageFile image mode=RGB size=1344x896 at 0x71942807BD00>
9599b8da96b743f9a51f085279dfd3bb.jpg,images/test_data_v2/9599b8da96b743f9a51f085279dfd3bb.jpg,<PIL.PngImagePlugin.PngImageFile image mode=RGB size=1792x1024 at 0x71942807BE20>
583618b7613440b588922c433ecaa635.jpg,images/test_data_v2/583618b7613440b588922c433ecaa635.jpg,<PIL.PngImagePlugin.PngImageFile image mode=RGB size=832x1216 at 0x7194280C4070>
2fff16b595d347c6854095366db53172.jpg,images/test_data_v2/2fff16b595d347c6854095366db53172.jpg,<PIL.JpegImagePlugin.JpegImageFile image mode=RGB size=446x1000 at 0x7194280C4130>
3f2657feeb574769968cc489eac78446.jpg,images/test_data_v2/3f2657feeb574769968cc489eac78446.jpg,<PIL.JpegImagePlugin.JpegImageFile image mode=RGB size=1000x667 at 0x7194280C4160>
466420d2a83844f4af1a0deae704875c.jpg,images/test_data_v2/466420d2a83844f4af1a0deae704875c.jpg,<PIL.JpegImagePlugin.JpegImageFile image mode=RGB size=667x1000 at 0x7194280C42B0>
64d0b59a2aa4405eab265e96c0171e64.jpg,images/test_data_v2/64d0b59a2aa4405eab265e96c0171e64.jpg,<PIL.PngImagePlugin.PngImageFile image mode=RGB size=1280x896 at 0x7194280C4550>
8ad052ff273245779d3f263cc71415aa.jpg,images/test_data_v2/8ad052ff273245779d3f263cc71415aa.jpg,<PIL.JpegImagePlugin.JpegImageFile image mode=RGB size=862x1000 at 0x7194280C4670>
a5a32463851b470a8916f6aa5b01244e.jpg,images/test_data_v2/a5a32463851b470a8916f6aa5b01244e.jpg,<PIL.PngImagePlugin.PngImageFile image mode=RGB size=1024x1792 at 0x7194280C4760>
08de13b3b7af4ae8a27cb7ae26355128.jpg,images/test_data_v2/08de13b3b7af4ae8a27cb7ae26355128.jpg,<PIL.JpegImagePlugin.JpegImageFile image mode=RGB size=1000x667 at 0x7194280C47C0>
f44a74ddadb1442aabf6ed63eb2a2e54.jpg,images/test_data_v2/f44a74ddadb1442aabf6ed63eb2a2e54.jpg,<PIL.PngImagePlugin.PngImageFile image mode=RGB size=1280x896 at 0x7194280C4730>
0e12d1ca0c834695bcecf59463bc50e0.jpg,images/test_data_v2/0e12d1ca0c834695bcecf59463bc50e0.jpg,<PIL.PngImagePlugin.PngImageFile image mode=RGB size=1280x896 at 0x7194280C4850>
08cdea945f42402f8b1d36f423fd8090.jpg,images/test_data_v2/08cdea945f42402f8b1d36f423fd8090.jpg,<PIL.PngImagePlugin.PngImageFile image mode=RGB size=832x1216 at 0x7194280C48B0>
4cde43056d3a4045b68f3cd2b300ea6a.jpg,images/test_data_v2/4cde43056d3a4045b68f3cd2b300ea6a.jpg,<PIL.JpegImagePlugin.JpegImageFile image mode=RGB size=1000x667 at 0x7194280C49A0>
a960923b07d14c97a328fd5d47540b81.jpg,images/test_data_v2/a960923b07d14c97a328fd5d47540b81.jpg,<PIL.PngImagePlugin.PngImageFile image mode=RGB size=1280x896 at 0x7194280C49D0>
c3af7515be5f4be6a4b57abacc5885de.jpg,images/test_data_v2/c3af7515be5f4be6a4b57abacc5885de.jpg,<PIL.JpegImagePlugin.JpegImageFile image mode=RGB size=1000x667 at 0x7194280C4AF0>
a7d72159ab8442e59d303217115eccc5.jpg,images/test_data_v2/a7d72159ab8442e59d303217115eccc5.jpg,<PIL.PngImagePlugin.PngImageFile image mode=RGB size=1344x896 at 0x7194280C4CD0>
5803c52e59b942f0bff83ec0822bd654.jpg,images/test_data_v2/5803c52e59b942f0bff83ec0822bd654.jpg,<PIL.JpegImagePlugin.JpegImageFile image mode=RGB size=1000x667 at 0x7194280C4F10>
095077a90eed428e936f8a5c95241474.jpg,images/test_data_v2/095077a90eed428e936f8a5c95241474.jpg,<PIL.JpegImagePlugin.JpegImageFile image mode=RGB size=1000x667 at 0x7194280C4FA0>
f2b6fd78da6143a19f358ae689160d9c.jpg,images/test_data_v2/f2b6fd78da6143a19f358ae689160d9c.jpg,<PIL.PngImagePlugin.PngImageFile image mode=RGB size=1792x1024 at 0x7194280C50C0>
c5aa059c079349c1a44ecdd22ec3bf6c.jpg,images/test_data_v2/c5aa059c079349c1a44ecdd22ec3bf6c.jpg,<PIL.PngImagePlugin.PngImageFile image mode=RGB size=896x1344 at 0x7194280C5450>
17c585daebef412798ed81d8c404d65e.jpg,images/test_data_v2/17c585daebef412798ed81d8c404d65e.jpg,<PIL.JpegImagePlugin.JpegImageFile image mode=RGB size=1000x667 at 0x7194280C5510>
d8475a746dca4199a47a4b3a4c888a76.jpg,images/test_data_v2/d8475a746dca4199a47a4b3a4c888a76.jpg,<PIL.JpegImagePlugin.JpegImageFile image mode=RGB size=667x1000 at 0x7194280C5570>
3fd61dd18b0b463b9381ac381585d2f3.jpg,images/test_data_v2/3fd61dd18b0b463b9381ac381585d2f3.jpg,<PIL.JpegImagePlugin.JpegImageFile image mode=RGB size=1000x667 at 0x7194280C5690>
4f1ea606573643f69299ad00f925530a.jpg,images/test_data_v2/4f1ea606573643f69299ad00f925530a.jpg,<PIL.JpegImagePlugin.JpegImageFile image mode=RGB size=1000x667 at 0x7194280C5900>
ad4dfd91114a4020ba6c0e15fd570d5a.jpg,images/test_data_v2/ad4dfd91114a4020ba6c0e15fd570d5a.jpg,<PIL.JpegImagePlugin.JpegImageFile image mode=RGB size=1000x667 at 0x7194280C5B70>
bcdf3388436b4780852a3bfe1fe6d1e4.jpg,images/test_data_v2/bcdf3388436b4780852a3bfe1fe6d1e4.jpg,<PIL.JpegImagePlugin.JpegImageFile image mode=RGB size=1000x667 at 0x7194280C5DE0>
6a8567391e394007becf4b838576f51c.jpg,images/test_data_v2/6a8567391e394007becf4b838576f51c.jpg,<PIL.JpegImagePlugin.JpegImageFile image mode=RGB size=1000x667 at 0x7194280C6050>
0e1f322e5c094fef99f4cf85a06b8ecb.jpg,images/test_data_v2/0e1f322e5c094fef99f4cf85a06b8ecb.jpg,<PIL.PngImagePlugin.PngImageFile image mode=RGB size=1344x896 at 0x7194280C62C0>
bd3048f168b5485099cd9a82ac9423d1.jpg,images/test_data_v2/bd3048f168b5485099cd9a82ac9423d1.jpg,<PIL.JpegImagePlugin.JpegImageFile image mode=RGB size=668x1000 at 0x7194280C6650>
4953a1bbb6e04a58b8bdd28bb09c705e.jpg,images/test_data_v2/4953a1bbb6e04a58b8bdd28bb09c705e.jpg,<PIL.JpegImagePlugin.JpegImageFile image mode=RGB size=768x512 at 0x7194280C66E0>
5018eb7fe999413faf66db9dd7cc70fd.jpg,images/test_data_v2/5018eb7fe999413faf66db9dd7cc70fd.jpg,<PIL.JpegImagePlugin.JpegImageFile image mode=RGB size=858x1000 at 0x7194280C6800>
02ce133851b74c52888132fe727b8333.jpg,images/test_data_v2/02ce133851b74c52888132fe727b8333.jpg,<PIL.JpegImagePlugin.JpegImageFile image mode=RGB size=1000x444 at 0x7194280C6980>
12548acb5ed94780b603ef63583e9459.jpg,images/test_data_v2/12548acb5ed94780b603ef63583e9459.jpg,<PIL.PngImagePlugin.PngImageFile image mode=RGB size=1792x1024 at 0x7194280C69E0>
7b17a077de804e8db440dcacc608ed4c.jpg,images/test_data_v2/7b17a077de804e8db440dcacc608ed4c.jpg,<PIL.JpegImagePlugin.JpegImageFile image mode=RGB size=1000x667 at 0x7194280C6C80>
86f937201fb94638a28d4195f5012997.jpg,images/test_data_v2/86f937201fb94638a28d4195f5012997.jpg,<PIL.PngImagePlugin.PngImageFile image mode=RGB size=1792x1024 at 0x7194280C6B00>
7d9388da661d41c7a0facadb30f80a08.jpg,images/test_data_v2/7d9388da661d41c7a0facadb30f80a08.jpg,<PIL.PngImagePlugin.PngImageFile image mode=RGB size=1344x896 at 0x7194280C6F80>
ea19c9644c8845f5adca933461fd06cb.jpg,images/test_data_v2/ea19c9644c8845f5adca933461fd06cb.jpg,<PIL.JpegImagePlugin.JpegImageFile image mode=RGB size=1000x667 at 0x7194280C7040>
46ba8eaa3f58414bbf8288398ba5190d.jpg,images/test_data_v2/46ba8eaa3f58414bbf8288398ba5190d.jpg,<PIL.PngImagePlugin.PngImageFile image mode=RGB size=1216x832 at 0x7194280C70A0>
b25e9f5c17114e2281fb1e58683da6a0.jpg,images/test_data_v2/b25e9f5c17114e2281fb1e58683da6a0.jpg,<PIL.JpegImagePlugin.JpegImageFile image mode=RGB size=1000x667 at 0x7194280C7130>
e0e68125375a4467ac78dd3a16c94dd2.jpg,images/test_data_v2/e0e68125375a4467ac78dd3a16c94dd2.jpg,<PIL.JpegImagePlugin.JpegImageFile image mode=RGB size=1000x750 at 0x7194280C7160>
223f4e78d3544759b49c22bbe3dc8b82.jpg,images/test_data_v2/223f4e78d3544759b49c22bbe3dc8b82.jpg,<PIL.JpegImagePlugin.JpegImageFile image mode=RGB size=1000x667 at 0x7194280C72B0>
d7105362406e482a948f594a3f8f0b40.jpg,images/test_data_v2/d7105362406e482a948f594a3f8f0b40.jpg,<PIL.JpegImagePlugin.JpegImageFile image mode=RGB size=768x512 at 0x7194280C7460>
7835951242644719a0d52d34e5354f9b.jpg,images/test_data_v2/7835951242644719a0d52d34e5354f9b.jpg,<PIL.JpegImagePlugin.JpegImageFile image mode=RGB size=667x1000 at 0x7194280C75B0>
0aa32b023dc24ac5a8628e8865d02e04.jpg,images/test_data_v2/0aa32b023dc24ac5a8628e8865d02e04.jpg,<PIL.PngImagePlugin.PngImageFile image mode=RGB size=1280x896 at 0x7194280C7760>
f3fd70945f9a4ebfbb6576637b0f202e.jpg,images/test_data_v2/f3fd70945f9a4ebfbb6576637b0f202e.jpg,<PIL.JpegImagePlugin.JpegImageFile image mode=RGB size=1000x667 at 0x7194280C7790>
39491931ce2949939386a179838fa25b.jpg,images/test_data_v2/39491931ce2949939386a179838fa25b.jpg,<PIL.PngImagePlugin.PngImageFile image mode=RGB size=1280x896 at 0x7194280C7850>
d5c905d61206400c9a6108a10643c895.jpg,images/test_data_v2/d5c905d61206400c9a6108a10643c895.jpg,<PIL.JpegImagePlugin.JpegImageFile image mode=RGB size=1000x667 at 0x7194280C7820>
50ba7c8cb95b4323ba05c5ca71b70368.jpg,images/test_data_v2/50ba7c8cb95b4323ba05c5ca71b70368.jpg,<PIL.JpegImagePlugin.JpegImageFile image mode=RGB size=768x512 at 0x7194280C7910>
b56f67a7af114462bb0447fb5338f4a5.jpg,images/test_data_v2/b56f67a7af114462bb0447fb5338f4a5.jpg,<PIL.PngImagePlugin.PngImageFile image mode=RGB size=1024x1024 at 0x7194280C7940>
9bc69d450ce34cbbb76fe85895518c0a.jpg,images/test_data_v2/9bc69d450ce34cbbb76fe85895518c0a.jpg,<PIL.JpegImagePlugin.JpegImageFile image mode=RGB size=667x1000 at 0x7194280C79D0>
150f625ccc924e8894e656260aa082d7.jpg,images/test_data_v2/150f625ccc924e8894e656260aa082d7.jpg,<PIL.JpegImagePlugin.JpegImageFile image mode=RGB size=1000x665 at 0x7194280C7970>
6883bf1ead9747e9ac74a775f5cdca8b.jpg,images/test_data_v2/6883bf1ead9747e9ac74a775f5cdca8b.jpg,<PIL.PngImagePlugin.PngImageFile image mode=RGB size=1344x896 at 0x7194280C7A90>
69f1f944fa5a4045b99aa52bfb3f8792.jpg,images/test_data_v2/69f1f944fa5a4045b99aa52bfb3f8792.jpg,<PIL.PngImagePlugin.PngImageFile image mode=RGB size=1216x832 at 0x7194280C7D00>
